date,stress_wma_3,stress_wma_7,energy_wma_3,energy_wma_7,mood_wma_3,mood_wma_7,burnout_wma_3,burnout_wma_7,sleep_wma_3,sleep_wma_7,time_spent_wma_3,time_spent_wma_7,days_until_next_exam,tasks_in3,tasks_in7,exams_in3,exams_in7,priority_sum7,avgppt7,max_priority7,course_count,course_count7,course_priority_load7,burnout
2023-09-05,4.0,4.0,5.0,5.0,6.0,6.0,3.0,3.0,8.0,8.0,1.6000000000000003,1.6,37,0,1,0,0,2,2.0,2.0,6,1,2.0,3.0
2023-09-06,3.4,3.4615384615384617,6.2,6.076923076923077,6.6,6.538461538461538,1.2,1.3846153846153846,8.0,8.0,1.3599999999999999,1.3846153846153846,36,0,2,0,0,4,2.0,2.0,6,2,4.0,0.0
2023-09-07,3.1666666666666665,3.2777777777777777,6.166666666666667,6.055555555555555,5.333333333333333,5.555555555555555,2.0,2.0,9.0,8.777777777777779,1.6166666666666665,1.5833333333333333,35,0,3,0,0,9,3.0,5.0,6,3,9.0,3.0
2023-09-08,3.5,3.5,7.166666666666667,6.681818181818182,5.5,5.681818181818182,2.0,2.0,8.166666666666666,8.227272727272727,2.533333333333333,2.1636363636363636,34,1,4,0,0,14,3.5,5.0,6,4,14.0,2.0
2023-09-09,3.8333333333333335,3.64,7.666666666666667,7.08,5.666666666666667,5.76,2.1666666666666665,2.0,7.5,7.88,3.15,2.532,33,1,4,0,0,14,3.5,5.0,6,4,14.0,2.0
2023-09-10,4.5,4.0,6.5,6.592592592592593,6.5,6.074074074074074,2.5,2.259259259259259,6.5,7.37037037037037,2.4,2.281481481481481,32,2,4,0,0,14,3.5,5.0,6,4,14.0,3.0
2023-09-11,5.333333333333333,4.535714285714286,5.5,6.214285714285714,6.333333333333333,6.071428571428571,2.8333333333333335,2.4642857142857144,6.166666666666667,6.964285714285714,2.5833333333333335,2.514285714285714,31,3,5,0,0,16,3.2,5.0,6,4,12.8,3.0
2023-09-12,5.833333333333333,5.0,4.5,5.642857142857143,5.166666666666667,5.571428571428571,3.0,2.642857142857143,6.0,6.607142857142857,3.5666666666666664,3.0928571428571425,30,3,6,0,0,19,3.1666666666666665,5.0,6,4,12.666666666666666,3.0
2023-09-13,6.0,5.392857142857143,4.666666666666667,5.357142857142857,3.8333333333333335,4.892857142857143,3.5,3.0714285714285716,5.5,6.071428571428571,4.55,3.664285714285714,29,3,6,0,0,19,3.1666666666666665,5.0,6,4,12.666666666666666,4.0
2023-09-14,6.0,5.678571428571429,4.333333333333333,4.892857142857143,4.166666666666667,4.857142857142857,3.3333333333333335,3.107142857142857,5.166666666666667,5.642857142857143,4.383333333333333,3.8249999999999997,28,2,6,0,0,22,3.6666666666666665,5.0,6,4,14.666666666666666,3.0
2023-09-15,6.0,5.857142857142857,3.6666666666666665,4.25,4.166666666666667,4.535714285714286,3.1666666666666665,3.142857142857143,5.0,5.392857142857143,4.383333333333334,4.064285714285714,27,2,6,0,0,18,3.0,5.0,6,5,15.0,3.0
2023-09-16,5.5,5.714285714285714,3.6666666666666665,4.035714285714286,4.666666666666667,4.535714285714286,3.0,3.142857142857143,5.5,5.464285714285714,3.35,3.7392857142857143,26,3,5,0,0,13,2.6,5.0,6,4,10.4,3.0
2023-09-17,4.666666666666667,5.285714285714286,4.833333333333333,4.464285714285714,5.333333333333333,4.821428571428571,3.0,3.107142857142857,5.833333333333333,5.571428571428571,3.3000000000000003,3.7250000000000005,25,3,6,0,0,15,2.5,5.0,6,5,12.5,3.0
2023-09-18,4.666666666666667,5.142857142857143,5.166666666666667,4.607142857142857,5.333333333333333,4.892857142857143,3.5,3.3214285714285716,6.0,5.678571428571429,5.016666666666667,4.485714285714286,24,4,7,0,0,17,2.4285714285714284,5.0,6,5,12.142857142857142,4.0
2023-09-19,4.833333333333333,5.035714285714286,4.666666666666667,4.5,4.666666666666667,4.75,3.8333333333333335,3.5,6.0,5.785714285714286,5.033333333333333,4.460714285714286,23,4,6,0,0,15,2.5,5.0,6,5,12.5,4.0
2023-09-20,5.0,4.964285714285714,4.166666666666667,4.392857142857143,4.166666666666667,4.607142857142857,4.0,3.642857142857143,6.0,5.892857142857143,4.733333333333333,4.446428571428571,22,2,5,0,0,12,2.4,5.0,6,5,12.0,4.0
2023-09-21,5.5,5.178571428571429,3.5,4.071428571428571,4.5,4.678571428571429,3.5,3.5357142857142856,6.0,5.964285714285714,4.199999999999999,4.4071428571428575,21,3,6,0,0,17,2.8333333333333335,5.0,6,5,14.166666666666668,3.0
2023-09-22,4.333333333333333,4.642857142857143,4.666666666666667,4.535714285714286,5.333333333333333,5.0,2.6666666666666665,3.1785714285714284,7.0,6.5,2.9333333333333336,3.7607142857142857,20,3,6,0,0,17,2.8333333333333335,5.0,6,6,17.0,2.0
2023-09-23,3.5,4.214285714285714,5.5,4.892857142857143,5.833333333333333,5.25,2.1666666666666665,2.857142857142857,7.666666666666667,6.928571428571429,2.1,3.214285714285715,19,2,5,0,0,16,3.2,5.0,6,5,16.0,2.0
2023-09-24,3.5,4.107142857142857,6.0,5.178571428571429,6.0,5.464285714285714,2.0,2.5714285714285716,7.0,6.785714285714286,2.15,2.917857142857143,18,3,5,0,0,16,3.2,5.0,6,5,16.0,2.0
2023-09-25,4.833333333333333,4.5,5.5,5.214285714285714,6.0,5.678571428571429,3.0,2.8214285714285716,5.833333333333333,6.392857142857143,3.75,3.3035714285714284,17,3,5,0,0,16,3.2,5.0,6,4,12.8,4.0
2023-09-26,5.666666666666667,4.857142857142857,5.166666666666667,5.25,6.0,5.857142857142857,3.6666666666666665,3.0714285714285716,5.166666666666667,6.035714285714286,4.766666666666667,3.75,16,3,6,0,0,19,3.1666666666666665,5.0,6,4,12.666666666666666,4.0
2023-09-27,6.5,5.428571428571429,5.0,5.25,5.5,5.714285714285714,4.0,3.3214285714285716,5.0,5.714285714285714,5.25,4.189285714285715,15,3,6,0,0,19,3.1666666666666665,5.0,6,4,12.666666666666666,4.0
2023-09-28,7.333333333333333,6.178571428571429,4.5,4.964285714285714,5.166666666666667,5.535714285714286,4.0,3.5714285714285716,5.0,5.428571428571429,5.083333333333333,4.492857142857143,14,2,6,0,0,22,3.6666666666666665,5.0,6,4,14.666666666666666,4.0
2023-09-29,7.833333333333333,6.857142857142857,4.166666666666667,4.642857142857143,5.0,5.357142857142857,4.0,3.7857142857142856,5.0,5.178571428571429,4.966666666666668,4.767857142857143,13,2,6,0,0,18,3.0,5.0,6,5,15.0,4.0
2023-09-30,6.5,6.607142857142857,5.0,4.892857142857143,4.5,4.964285714285714,3.5,3.6785714285714284,6.5,5.785714285714286,3.85,4.4035714285714285,12,3,5,0,0,13,2.6,5.0,6,4,10.4,3.0
2023-10-01,5.5,6.285714285714286,5.666666666666667,5.142857142857143,4.166666666666667,4.642857142857143,3.1666666666666665,3.5357142857142856,7.5,6.392857142857143,3.15,3.9999999999999996,11,3,6,0,0,15,2.5,5.0,6,5,12.5,3.0
2023-10-02,4.5,5.678571428571429,6.0,5.392857142857143,5.0,4.892857142857143,3.0,3.357142857142857,6.5,6.178571428571429,4.3,4.339285714285714,10,4,7,0,0,17,2.4285714285714284,5.0,6,5,12.142857142857142,3.0
2023-10-03,5.666666666666667,5.892857142857143,4.5,4.857142857142857,4.666666666666667,4.642857142857143,3.5,3.4642857142857144,5.0,5.714285714285714,5.25,4.632142857142857,9,4,6,0,0,15,2.5,5.0,6,5,12.5,4.0
2023-10-04,6.5,6.071428571428571,3.5,4.392857142857143,4.333333333333333,4.464285714285714,3.8333333333333335,3.5714285714285716,4.166666666666667,5.285714285714286,5.716666666666666,4.9071428571428575,8,2,5,0,0,12,2.4,5.0,6,5,12.0,4.0
2023-10-05,7.0,6.25,3.5,4.25,3.0,3.8214285714285716,4.0,3.6785714285714284,4.5,5.142857142857143,5.2,4.917857142857143,7,3,6,0,1,21,3.0,5.0,6,5,15.0,4.0
2023-10-06,5.0,5.464285714285714,5.333333333333333,4.857142857142857,2.8333333333333335,3.5357142857142856,4.0,3.7857142857142856,4.833333333333333,5.0,3.9166666666666665,4.460714285714285,6,3,6,0,1,21,3.0,5.0,6,6,18.0,4.0
2023-10-07,4.166666666666667,5.107142857142857,5.0,4.607142857142857,3.3333333333333335,3.5714285714285716,3.5,3.642857142857143,5.0,4.857142857142857,2.816666666666667,3.9285714285714284,5,2,5,0,1,20,3.3333333333333335,5.0,6,5,16.666666666666668,3.0
2023-10-08,3.8333333333333335,4.785714285714286,4.5,4.428571428571429,3.8333333333333335,3.607142857142857,3.1666666666666665,3.5,5.0,4.821428571428571,2.3000000000000003,3.417857142857143,4,3,5,0,1,20,3.3333333333333335,5.0,6,5,16.666666666666668,3.0
2023-10-09,4.0,4.5,4.0,4.321428571428571,4.0,3.642857142857143,3.0,3.357142857142857,5.0,4.892857142857143,2.2,2.9285714285714293,3,3,5,1,1,20,3.3333333333333335,5.0,6,4,13.333333333333334,3.0
2023-10-10,6.0,5.214285714285714,4.0,4.285714285714286,3.5,3.5,4.0,3.7142857142857144,5.0,4.964285714285714,4.45,3.692857142857143,2,3,6,1,1,23,3.2857142857142856,5.0,6,4,13.142857142857142,5.0
2023-10-11,8.333333333333334,6.392857142857143,4.0,4.214285714285714,3.1666666666666665,3.392857142857143,5.166666666666667,4.285714285714286,3.5,4.25,6.3500000000000005,4.621428571428572,1,3,6,1,1,23,3.2857142857142856,5.0,6,4,13.142857142857142,6.0
2023-10-12,9.166666666666666,7.214285714285714,3.5,3.857142857142857,3.0,3.3214285714285716,4.833333333333333,4.285714285714286,3.5,4.107142857142857,7.716666666666666,5.660714285714286,0,2,6,1,2,31,3.875,5.0,6,4,15.5,4.0
2023-10-13,7.666666666666667,7.214285714285714,2.6666666666666665,3.2857142857142856,4.0,3.7142857142857144,4.333333333333333,4.285714285714286,4.166666666666667,4.25,6.283333333333332,5.674999999999999,6,2,6,0,1,24,3.4285714285714284,5.0,6,5,17.142857142857142,4.0
2023-10-14,6.0,6.857142857142857,3.1666666666666665,3.392857142857143,4.666666666666667,4.035714285714286,4.5,4.535714285714286,5.333333333333333,4.642857142857143,4.6,5.325,5,3,5,0,1,19,3.1666666666666665,5.0,6,5,15.833333333333332,5.0
2023-10-15,5.166666666666667,6.464285714285714,3.6666666666666665,3.5,5.0,4.321428571428571,4.833333333333333,4.714285714285714,5.833333333333333,5.0,3.5999999999999996,4.932142857142858,4,3,6,0,1,21,3.0,5.0,6,6,18.0,5.0
2023-10-16,6.5,6.785714285714286,3.5,3.357142857142857,4.5,4.321428571428571,4.5,4.571428571428571,4.0,4.321428571428571,4.95,5.271428571428571,3,4,7,1,1,23,2.875,5.0,6,6,17.25,4.0
2023-10-17,8.0,7.214285714285714,2.1666666666666665,2.75,4.166666666666667,4.321428571428571,5.666666666666667,5.142857142857143,4.166666666666667,4.5,7.583333333333333,6.257142857142857,2,4,6,1,2,25,3.125,5.0,6,6,18.75,7.0
2023-10-18,8.833333333333334,7.607142857142857,2.8333333333333335,3.0,3.0,3.7857142857142856,5.5,5.142857142857143,4.5,4.678571428571429,8.066666666666666,6.5857142857142845,1,2,5,1,2,22,3.142857142857143,5.0,6,6,18.857142857142858,5.0
2023-10-19,8.5,7.785714285714286,3.0,3.0,2.8333333333333335,3.5357142857142856,5.833333333333333,5.428571428571429,4.0,4.25,7.766666666666666,6.864285714285714,0,3,6,1,2,27,3.375,5.0,6,6,20.25,6.0
2023-10-20,7.666666666666667,7.75,2.6666666666666665,2.75,2.3333333333333335,3.0357142857142856,4.833333333333333,5.142857142857143,4.333333333333333,4.357142857142857,5.833333333333333,6.425,4,3,6,0,1,22,3.142857142857143,5.0,6,6,18.857142857142858,4.0
2023-10-21,6.666666666666667,7.428571428571429,2.1666666666666665,2.5,3.6666666666666665,3.392857142857143,4.833333333333333,5.107142857142857,5.166666666666667,4.714285714285714,5.25,6.221428571428572,3,2,5,1,1,20,3.3333333333333335,5.0,6,5,16.666666666666668,5.0
2023-10-22,6.166666666666667,7.071428571428571,2.0,2.3214285714285716,4.5,3.75,4.833333333333333,5.071428571428571,5.833333333333333,5.071428571428571,5.05,5.953571428571429,2,3,5,1,1,20,3.3333333333333335,5.0,6,5,16.666666666666668,5.0
2023-10-23,6.0,6.678571428571429,2.0,2.2142857142857144,5.0,4.107142857142857,5.0,5.035714285714286,6.0,5.428571428571429,5.2,5.621428571428572,1,3,5,1,2,25,3.5714285714285716,5.0,6,4,14.285714285714286,5.0
2023-10-24,8.0,7.357142857142857,2.0,2.142857142857143,4.0,3.9285714285714284,5.5,5.214285714285714,4.5,4.892857142857143,7.45,6.4607142857142845,0,3,6,1,2,28,3.5,5.0,6,4,14.0,6.0
2023-10-25,7.333333333333333,7.0,2.0,2.0357142857142856,3.3333333333333335,3.7857142857142856,5.833333333333333,5.428571428571429,4.0,4.678571428571429,7.05,6.3500000000000005,5,3,6,0,1,24,3.4285714285714284,5.0,6,4,13.714285714285714,6.0
2023-10-26,7.166666666666667,7.0,3.0,2.5,4.0,4.107142857142857,5.5,5.357142857142857,3.8333333333333335,4.5,6.283333333333334,6.171428571428572,4,2,6,0,1,27,3.857142857142857,5.0,6,4,15.428571428571429,5.0
2023-10-27,6.833333333333333,7.035714285714286,3.6666666666666665,2.9285714285714284,4.666666666666667,4.357142857142857,5.166666666666667,5.321428571428571,4.0,4.285714285714286,5.483333333333334,6.060714285714286,3,2,6,1,1,23,3.2857142857142856,5.0,6,5,16.428571428571427,5.0
2023-10-28,7.0,7.071428571428571,4.0,3.2857142857142856,4.5,4.25,5.0,5.25,4.5,4.357142857142857,5.2,5.810714285714286,2,3,5,1,1,18,3.0,5.0,6,4,12.0,5.0
2023-10-29,6.5,6.821428571428571,4.5,3.8214285714285716,4.166666666666667,4.178571428571429,4.5,4.928571428571429,4.333333333333333,4.214285714285714,5.766666666666667,5.917857142857144,1,3,6,1,1,20,2.857142857142857,5.0,6,5,14.285714285714286,4.0
2023-10-30,7.166666666666667,7.071428571428571,4.833333333333333,4.25,3.0,3.642857142857143,4.666666666666667,4.892857142857143,4.166666666666667,4.142857142857143,6.166666666666667,5.9821428571428585,0,4,7,1,1,22,2.75,5.0,6,5,13.75,5.0
2023-10-31,7.666666666666667,7.25,5.0,4.571428571428571,2.3333333333333335,3.2142857142857144,4.833333333333333,4.857142857142857,4.0,4.142857142857143,6.400000000000001,6.003571428571429,16,4,6,0,0,15,2.5,5.0,6,5,12.5,5.0
2023-11-01,8.0,7.5,5.0,4.785714285714286,2.0,2.8214285714285716,5.0,4.857142857142857,4.0,4.107142857142857,6.400000000000001,6.142857142857144,15,2,5,0,0,12,2.4,5.0,6,5,12.0,5.0
2023-11-02,8.0,7.678571428571429,5.0,4.892857142857143,2.0,2.4642857142857144,5.0,4.892857142857143,4.0,4.071428571428571,6.400000000000001,6.264285714285715,14,3,6,0,0,17,2.8333333333333335,5.0,6,5,14.166666666666668,5.0
2023-11-03,6.0,6.821428571428571,5.0,4.964285714285714,4.0,3.2142857142857144,3.5,4.178571428571429,5.5,4.785714285714286,4.8500000000000005,5.575,13,3,6,0,0,17,2.8333333333333335,5.0,6,6,17.0,2.0
2023-11-04,5.166666666666667,6.321428571428571,4.0,4.5,4.333333333333333,3.4285714285714284,3.5,4.071428571428571,6.5,5.392857142857143,3.716666666666667,4.910714285714286,12,2,5,0,0,16,3.2,5.0,6,5,16.0,4.0
2023-11-05,4.833333333333333,5.892857142857143,3.3333333333333335,4.071428571428571,4.333333333333333,3.642857142857143,3.6666666666666665,4.0,7.0,5.928571428571429,3.1333333333333333,4.314285714285714,11,3,5,0,0,16,3.2,5.0,6,5,16.0,4.0
2023-11-06,5.0,5.5,3.0,3.7142857142857144,4.0,3.857142857142857,4.0,3.9285714285714284,7.0,6.357142857142857,3.1,3.8357142857142863,10,3,5,0,0,16,3.2,5.0,6,4,12.8,4.0
2023-11-07,6.0,5.714285714285714,3.5,3.6785714285714284,3.5,3.75,4.5,4.142857142857143,7.0,6.678571428571429,4.2,4.0249999999999995,9,3,6,0,0,19,3.1666666666666665,5.0,6,4,12.666666666666666,5.0
2023-11-08,6.666666666666667,5.964285714285714,3.8333333333333335,3.6785714285714284,3.1666666666666665,3.607142857142857,4.833333333333333,4.357142857142857,7.0,6.892857142857143,4.933333333333333,4.253571428571428,8,3,6,0,0,19,3.1666666666666665,5.0,6,4,12.666666666666666,5.0
2023-11-09,7.0,6.25,4.0,3.7142857142857144,3.0,3.4285714285714284,5.0,4.571428571428571,7.0,7.0,5.3,4.521428571428571,7,2,6,0,1,26,3.7142857142857144,5.0,6,4,14.857142857142858,5.0
2023-11-10,6.0,6.071428571428571,4.5,4.035714285714286,3.0,3.2142857142857144,5.0,4.785714285714286,5.5,6.25,5.75,5.053571428571429,6,2,6,0,1,24,3.4285714285714284,5.0,6,5,17.142857142857142,5.0
2023-11-11,5.333333333333333,5.857142857142857,4.833333333333333,4.357142857142857,3.0,3.107142857142857,5.0,4.892857142857143,4.5,5.607142857142857,6.05,5.482142857142857,5,3,5,0,1,19,3.1666666666666665,5.0,6,4,12.666666666666666,5.0
2023-11-12,5.0,5.642857142857143,4.5,4.357142857142857,4.5,3.7857142857142856,4.5,4.714285714285714,5.0,5.571428571428571,5.3500000000000005,5.375,4,3,6,0,1,21,3.0,5.0,6,5,15.0,4.0
2023-11-13,6.5,6.178571428571429,4.166666666666667,4.321428571428571,4.0,3.642857142857143,3.6666666666666665,4.285714285714286,5.166666666666667,5.321428571428571,6.083333333333333,5.867857142857142,3,4,7,1,1,23,2.875,5.0,6,5,14.375,3.0
2023-11-14,8.0,6.857142857142857,3.0,3.75,3.0,3.2857142857142856,5.666666666666667,5.142857142857143,4.166666666666667,4.642857142857143,7.816666666666667,6.792857142857143,2,4,6,1,2,25,3.125,5.0,6,5,15.625,8.0
2023-11-15,8.333333333333334,7.214285714285714,2.8333333333333335,3.5,2.1666666666666665,2.9642857142857144,6.166666666666667,5.392857142857143,4.333333333333333,4.607142857142857,8.266666666666667,7.196428571428571,1,2,5,1,2,22,3.142857142857143,5.0,6,5,15.714285714285714,6.0
2023-11-16,8.666666666666666,7.785714285714286,2.3333333333333335,3.0357142857142856,3.0,3.1785714285714284,6.833333333333333,5.857142857142857,3.6666666666666665,4.142857142857143,7.800000000000001,7.332142857142857,0,3,6,1,2,27,3.375,5.0,6,5,16.875,7.0
2023-11-17,7.833333333333333,7.785714285714286,2.6666666666666665,2.892857142857143,3.6666666666666665,3.357142857142857,6.333333333333333,6.0,4.833333333333333,4.571428571428571,6.016666666666667,6.75,4,3,6,0,1,23,3.2857142857142856,5.0,6,6,19.714285714285715,6.0
2023-11-18,5.833333333333333,6.964285714285714,3.8333333333333335,3.3214285714285716,4.5,3.75,5.166666666666667,5.607142857142857,6.0,5.178571428571429,4.733333333333333,6.075,3,2,5,1,1,20,3.3333333333333335,5.0,6,5,16.666666666666668,4.0
2023-11-19,6.5,7.178571428571429,4.166666666666667,3.5,4.333333333333333,3.8214285714285716,4.333333333333333,5.25,5.833333333333333,5.178571428571429,4.6000000000000005,5.728571428571429,2,3,5,1,1,20,3.3333333333333335,5.0,6,5,16.666666666666668,4.0
2023-11-20,6.833333333333333,7.035714285714286,3.6666666666666665,3.4285714285714284,4.166666666666667,3.9642857142857144,5.0,5.392857142857143,3.8333333333333335,4.464285714285714,5.833333333333333,5.864285714285714,1,3,5,1,1,20,3.3333333333333335,5.0,6,4,13.333333333333334,6.0
2023-11-21,7.166666666666667,6.928571428571429,3.6666666666666665,3.642857142857143,3.5,3.8214285714285716,5.166666666666667,5.178571428571429,4.5,4.857142857142857,6.766666666666667,6.053571428571429,0,3,6,1,1,23,3.2857142857142856,5.0,6,4,13.142857142857142,5.0
2023-11-22,7.0,6.892857142857143,3.8333333333333335,3.7857142857142856,2.6666666666666665,3.392857142857143,4.666666666666667,4.821428571428571,4.833333333333333,4.892857142857143,6.766666666666667,6.121428571428572,17,3,6,0,0,19,3.1666666666666665,5.0,6,4,12.666666666666666,4.0
2023-11-23,6.5,6.642857142857143,4.0,3.892857142857143,4.166666666666667,3.9642857142857144,4.666666666666667,4.785714285714286,5.166666666666667,4.928571428571429,4.933333333333334,5.442857142857143,16,2,6,0,0,22,3.6666666666666665,5.0,6,4,14.666666666666666,5.0
2023-11-24,6.166666666666667,6.5,3.5,3.6785714285714284,4.833333333333333,4.214285714285714,4.333333333333333,4.571428571428571,5.0,4.892857142857143,3.6333333333333333,4.857142857142857,15,2,6,0,0,19,3.1666666666666665,5.0,6,5,15.833333333333332,4.0
2023-11-25,6.0,6.392857142857143,4.166666666666667,3.9642857142857144,4.666666666666667,4.178571428571429,3.6666666666666665,4.178571428571429,6.0,5.392857142857143,2.933333333333333,4.2785714285714285,14,3,5,0,0,14,2.8,5.0,6,4,11.2,3.0
2023-11-26,6.5,6.464285714285714,4.666666666666667,4.25,4.666666666666667,4.428571428571429,3.6666666666666665,4.071428571428571,5.666666666666667,5.392857142857143,2.983333333333333,3.817857142857143,13,3,6,0,0,16,2.6666666666666665,5.0,6,5,13.333333333333332,4.0
2023-11-27,6.833333333333333,6.571428571428571,5.0,4.5,4.833333333333333,4.642857142857143,3.8333333333333335,3.9642857142857144,5.333333333333333,5.392857142857143,3.0500000000000003,3.4250000000000003,12,4,7,0,0,18,2.5714285714285716,5.0,6,5,12.857142857142858,4.0
2023-11-28,7.0,6.678571428571429,4.0,4.178571428571429,3.5,4.071428571428571,4.5,4.178571428571429,4.5,5.035714285714286,4.15,3.6964285714285716,11,4,6,0,0,16,2.6666666666666665,5.0,6,5,13.333333333333332,5.0
2023-11-29,6.5,6.535714285714286,3.8333333333333335,4.142857142857143,3.5,4.035714285714286,3.8333333333333335,3.892857142857143,5.166666666666667,5.25,4.3,3.7642857142857147,10,2,5,0,0,13,2.6,5.0,6,5,13.0,3.0
2023-11-30,6.166666666666667,6.428571428571429,3.8333333333333335,4.107142857142857,3.6666666666666665,3.9285714285714284,3.3333333333333335,3.642857142857143,5.666666666666667,5.428571428571429,4.283333333333332,3.914285714285714,9,3,6,0,0,18,3.0,5.0,6,5,15.0,3.0
2023-12-01,6.0,6.321428571428571,3.5,3.8214285714285716,5.0,4.392857142857143,3.0,3.4642857142857144,7.5,6.321428571428571,3.4,3.6821428571428574,8,3,6,0,0,18,3.0,5.0,6,6,18.0,3.0
2023-12-02,6.0,6.214285714285714,3.1666666666666665,3.5357142857142856,5.666666666666667,4.821428571428571,3.0,3.3214285714285716,8.5,7.071428571428571,2.9333333333333336,3.460714285714286,7,2,5,0,1,21,3.5,5.0,6,5,17.5,3.0
2023-12-03,6.5,6.357142857142857,2.5,3.0714285714285716,4.0,4.178571428571429,4.0,3.6785714285714284,7.5,7.0,3.4,3.5928571428571425,6,3,5,0,1,21,3.5,5.0,6,5,17.5,5.0
2023-12-04,7.333333333333333,6.75,2.6666666666666665,2.9642857142857144,3.1666666666666665,3.892857142857143,5.166666666666667,4.25,5.5,6.392857142857143,5.766666666666667,4.639285714285714,5,3,4,0,2,24,4.0,5.0,6,4,16.0,6.0
2023-12-05,7.833333333333333,7.107142857142857,2.8333333333333335,2.9285714285714284,2.8333333333333335,3.6785714285714284,5.833333333333333,4.75,4.333333333333333,5.821428571428571,7.266666666666667,5.514285714285714,4,3,4,0,2,25,4.166666666666667,5.0,6,3,12.5,6.0
2023-12-06,9.0,7.928571428571429,2.5,2.642857142857143,2.5,3.1785714285714284,6.5,5.464285714285714,3.5,5.0,9.200000000000001,6.942857142857143,3,3,4,1,2,25,4.166666666666667,5.0,6,3,12.5,7.0
2023-12-07,9.166666666666666,8.357142857142858,2.1666666666666665,2.4285714285714284,3.1666666666666665,3.25,6.833333333333333,6.035714285714286,3.6666666666666665,4.535714285714286,9.666666666666666,7.942857142857142,2,2,3,1,2,23,4.6,5.0,6,3,13.799999999999999,7.0
2023-12-08,9.166666666666666,8.678571428571429,2.5,2.5357142857142856,3.1666666666666665,3.0714285714285716,7.0,6.464285714285714,3.8333333333333335,4.142857142857143,9.933333333333334,8.792857142857143,1,1,2,2,2,18,4.5,5.0,6,2,9.0,7.0
2023-12-09,9.5,9.142857142857142,2.3333333333333335,2.392857142857143,2.6666666666666665,2.75,8.0,7.25,3.5,3.6785714285714284,9.816666666666668,9.360714285714286,0,1,1,2,3,18,4.5,5.0,6,3,13.5,9.0
2023-12-10,9.333333333333334,9.214285714285714,2.6666666666666665,2.5357142857142856,3.1666666666666665,3.0714285714285716,7.666666666666667,7.321428571428571,3.6666666666666665,3.6785714285714284,7.766666666666667,8.65,1,1,1,1,2,13,4.333333333333333,5.0,6,2,8.666666666666666,7.0
2023-12-11,8.166666666666666,8.714285714285714,3.3333333333333335,2.892857142857143,3.1666666666666665,3.0714285714285716,7.833333333333333,7.571428571428571,3.8333333333333335,3.75,7.983333333333334,8.682142857142859,0,1,1,1,3,17,4.25,5.0,6,3,12.75,8.0
2023-12-12,7.833333333333333,8.5,3.3333333333333335,2.9642857142857144,3.1666666666666665,3.0714285714285716,7.333333333333333,7.5,5.0,4.321428571428571,6.616666666666667,7.80357142857143,4,1,1,0,2,12,4.0,5.0,6,3,12.0,7.0
2023-12-13,7.833333333333333,8.285714285714286,3.1666666666666665,3.0357142857142856,3.0,3.0714285714285716,7.166666666666667,7.392857142857143,5.666666666666667,4.821428571428571,5.983333333333334,7.014285714285715,3,0,0,1,2,9,4.5,5.0,6,2,9.0,7.0
2023-12-14,8.0,8.142857142857142,3.0,3.0714285714285716,3.0,3.0357142857142856,7.0,7.285714285714286,6.0,5.214285714285714,5.400000000000001,6.407142857142858,2,0,0,1,3,14,4.666666666666667,5.0,6,3,14.0,7.0
2023-12-15,9.0,8.535714285714286,3.0,3.0714285714285716,2.0,2.5357142857142856,7.0,7.178571428571429,5.0,5.035714285714286,6.75,6.628571428571428,1,0,0,2,3,14,4.666666666666667,5.0,6,3,14.0,7.0
2023-12-16,9.666666666666666,8.892857142857142,3.0,3.0714285714285716,1.3333333333333333,2.107142857142857,7.0,7.071428571428571,4.333333333333333,4.857142857142857,7.6499999999999995,6.914285714285714,0,0,0,2,3,14,4.666666666666667,5.0,6,3,14.0,7.0
2023-12-17,9.5,9.0,1.5,2.2857142857142856,2.0,2.2142857142857144,7.5,7.285714285714286,4.5,4.892857142857143,6.8,6.610714285714286,1,0,0,1,2,9,4.5,5.0,6,2,9.0,8.0
2023-12-18,9.666666666666666,9.357142857142858,2.0,2.357142857142857,2.1666666666666665,2.107142857142857,7.333333333333333,7.214285714285714,4.833333333333333,4.892857142857143,7.183333333333334,6.939285714285715,0,0,0,2,2,9,4.5,5.0,6,2,9.0,7.0
2023-12-19,7.333333333333333,8.357142857142858,2.5,2.4642857142857144,2.6666666666666665,2.2857142857142856,7.166666666666667,7.178571428571429,4.5,4.607142857142857,6.233333333333333,6.625,2,0,0,1,1,5,5.0,5.0,6,1,5.0,7.0
2023-12-20,6.333333333333333,7.714285714285714,3.5,2.8214285714285716,3.8333333333333335,2.9642857142857144,6.5,6.892857142857143,5.666666666666667,5.142857142857143,6.1499999999999995,6.514285714285713,1,0,0,1,1,5,5.0,5.0,6,1,5.0,6.0
2023-12-21,6.833333333333333,7.642857142857143,3.3333333333333335,2.892857142857143,4.166666666666667,3.3214285714285716,6.666666666666667,6.892857142857143,4.5,4.642857142857143,5.666666666666667,6.228571428571428,0,0,0,1,1,5,5.0,5.0,6,1,5.0,7.0
2024-01-08,4.0,4.0,6.0,6.0,6.0,6.0,2.0,2.0,6.0,6.0,2.4,2.4,38,0,2,0,0,6,3.0,4.0,5,2,6.0,2.0
2024-01-09,4.6,4.538461538461538,4.8,4.923076923076923,5.4,5.461538461538462,2.0,2.0,7.2,7.076923076923077,3.6,3.476923076923077,37,1,2,0,0,6,3.0,4.0,5,2,6.0,2.0
2024-01-10,5.833333333333333,5.5,4.333333333333333,4.555555555555555,5.166666666666667,5.277777777777778,3.5,3.1666666666666665,5.666666666666667,5.888888888888889,4.066666666666667,3.8444444444444454,36,1,4,0,0,11,2.75,4.0,5,3,8.25,5.0
2024-01-11,6.666666666666667,6.0,4.0,4.363636363636363,5.0,5.181818181818182,4.5,3.772727272727273,4.666666666666667,5.2727272727272725,4.4,4.036363636363637,35,1,4,0,0,11,2.75,4.0,5,3,8.25,5.0
2024-01-12,7.0,6.32,5.0,4.8,5.0,5.12,4.5,3.88,5.0,5.44,5.1000000000000005,4.5520000000000005,34,2,6,0,0,18,3.0,5.0,5,4,12.0,4.0
2024-01-13,7.0,6.555555555555555,5.666666666666667,5.111111111111111,5.0,5.074074074074074,4.166666666666667,3.962962962962963,5.666666666666667,5.555555555555555,5.566666666666666,4.925925925925926,33,1,5,0,0,16,3.2,5.0,5,4,12.8,4.0
2024-01-14,8.0,7.25,5.0,4.857142857142857,5.0,5.035714285714286,4.0,4.035714285714286,6.5,5.892857142857143,6.75,5.703571428571428,32,3,5,0,0,16,3.2,5.0,5,4,12.8,4.0
2024-01-15,9.166666666666666,8.107142857142858,4.333333333333333,4.642857142857143,4.5,4.75,4.5,4.357142857142857,6.333333333333333,5.928571428571429,7.783333333333334,6.582142857142857,31,3,7,0,0,25,3.5714285714285716,5.0,5,4,14.285714285714286,5.0
2024-01-16,8.333333333333334,8.0,4.5,4.75,4.666666666666667,4.785714285714286,4.333333333333333,4.321428571428571,5.666666666666667,5.714285714285714,7.816666666666667,6.967857142857143,30,4,6,0,0,21,3.5,5.0,5,4,14.0,4.0
2024-01-17,8.0,8.071428571428571,4.333333333333333,4.571428571428571,4.833333333333333,4.821428571428571,3.6666666666666665,3.9642857142857144,6.166666666666667,6.107142857142857,7.933333333333333,7.421428571428572,29,4,6,0,0,21,3.5,5.0,5,4,14.0,3.0
2024-01-18,7.333333333333333,7.857142857142857,5.666666666666667,5.142857142857143,5.0,4.857142857142857,3.1666666666666665,3.6785714285714284,6.166666666666667,6.142857142857143,6.733333333333333,7.117857142857142,28,2,4,0,0,16,4.0,5.0,5,3,12.0,3.0
2024-01-19,8.666666666666666,8.392857142857142,5.0,4.857142857142857,4.5,4.642857142857143,3.0,3.4642857142857144,6.166666666666667,6.107142857142857,6.416666666666667,6.971428571428572,27,4,5,0,0,18,3.6,5.0,5,3,10.8,3.0
2024-01-20,8.0,8.071428571428571,5.0,4.892857142857143,4.666666666666667,4.714285714285714,4.0,3.7857142857142856,6.0,6.071428571428571,5.766666666666667,6.55357142857143,26,2,3,0,0,11,3.6666666666666665,5.0,5,3,11.0,5.0
2024-01-21,8.5,8.25,4.333333333333333,4.714285714285714,5.333333333333333,5.035714285714286,3.1666666666666665,3.3214285714285716,6.0,6.035714285714286,6.016666666666667,6.375,25,2,3,0,0,11,3.6666666666666665,5.0,5,3,11.0,2.0
2024-01-22,9.166666666666666,8.678571428571429,4.166666666666667,4.535714285714286,3.8333333333333335,4.321428571428571,3.5,3.4285714285714284,6.0,6.035714285714286,6.8999999999999995,6.621428571428572,24,2,4,0,0,15,3.75,5.0,5,3,11.25,4.0
2024-01-23,9.833333333333334,9.107142857142858,4.0,4.357142857142857,2.6666666666666665,3.6785714285714284,3.6666666666666665,3.5714285714285716,6.0,6.035714285714286,7.55,6.8928571428571415,23,1,2,0,0,6,3.0,4.0,5,2,6.0,4.0
2024-01-24,8.5,8.678571428571429,4.0,4.214285714285714,3.5,3.892857142857143,4.0,3.7142857142857144,6.0,6.0,5.45,5.975,22,1,4,0,0,11,2.75,4.0,5,3,8.25,4.0
2024-01-25,7.0,8.035714285714286,5.0,4.571428571428571,4.5,4.107142857142857,4.0,3.8214285714285716,6.5,6.25,3.483333333333333,5.035714285714286,21,1,4,0,0,11,2.75,4.0,5,3,8.25,4.0
2024-01-26,6.666666666666667,7.678571428571429,5.166666666666667,4.714285714285714,5.0,4.321428571428571,3.5,3.642857142857143,5.833333333333333,5.964285714285714,4.133333333333334,5.064285714285714,20,2,6,0,0,18,3.0,5.0,5,4,12.0,3.0
2024-01-27,6.833333333333333,7.428571428571429,5.166666666666667,4.821428571428571,5.5,4.75,3.6666666666666665,3.7142857142857144,5.833333333333333,5.964285714285714,4.233333333333333,4.667857142857143,19,1,5,0,0,16,3.2,5.0,5,4,12.8,4.0
2024-01-28,7.0,7.178571428571429,5.0,4.928571428571429,5.833333333333333,5.142857142857143,3.8333333333333335,3.8214285714285716,5.833333333333333,5.964285714285714,4.2,4.325,18,3,5,0,0,16,3.2,5.0,5,4,12.8,4.0
2024-01-29,8.0,7.5,4.0,4.5,5.5,5.285714285714286,4.0,3.857142857142857,5.5,5.714285714285714,5.849999999999999,5.042857142857143,17,3,6,0,0,20,3.3333333333333335,5.0,5,4,13.333333333333334,4.0
2024-01-30,8.166666666666666,7.607142857142857,4.333333333333333,4.607142857142857,4.666666666666667,5.071428571428571,3.5,3.642857142857143,5.666666666666667,5.75,6.8500000000000005,5.610714285714286,16,4,5,0,0,16,3.2,5.0,5,4,12.8,3.0
2024-01-31,8.166666666666666,7.785714285714286,4.666666666666667,4.678571428571429,4.166666666666667,4.785714285714286,3.1666666666666665,3.4642857142857144,5.833333333333333,5.785714285714286,7.3,6.2,15,4,5,0,0,16,3.2,5.0,5,4,12.8,3.0
2024-02-01,7.0,7.428571428571429,5.0,4.714285714285714,4.5,4.785714285714286,3.0,3.3214285714285716,5.5,5.571428571428571,5.400000000000001,5.742857142857143,14,2,3,0,0,11,3.6666666666666665,5.0,5,3,11.0,3.0
2024-02-02,6.333333333333333,7.071428571428571,5.0,4.785714285714286,4.833333333333333,4.785714285714286,3.0,3.2142857142857144,5.166666666666667,5.428571428571429,4.2,5.239285714285714,13,3,4,0,0,13,3.25,5.0,5,3,9.75,3.0
2024-02-03,5.5,6.5,5.5,5.107142857142857,6.0,5.285714285714286,2.5,2.857142857142857,5.0,5.285714285714286,3.4000000000000004,4.710714285714286,12,1,2,0,0,6,3.0,4.0,5,2,6.0,2.0
2024-02-04,5.166666666666667,6.0,5.833333333333333,5.392857142857143,5.666666666666667,5.25,2.6666666666666665,2.8214285714285716,5.5,5.428571428571429,3.3666666666666667,4.257142857142857,11,1,2,0,0,6,3.0,4.0,5,2,6.0,3.0
2024-02-05,6.5,6.321428571428571,5.0,5.142857142857143,5.333333333333333,5.25,3.3333333333333335,3.0714285714285716,5.833333333333333,5.571428571428571,4.566666666666666,4.421428571428572,10,1,4,0,0,15,3.75,5.0,5,3,11.25,4.0
2024-02-06,7.0,6.428571428571429,3.8333333333333335,4.607142857142857,5.0,5.25,3.3333333333333335,3.0714285714285716,5.5,5.428571428571429,5.1000000000000005,4.507142857142857,9,1,3,0,0,11,3.6666666666666665,5.0,5,3,11.0,3.0
2024-02-07,7.166666666666667,6.571428571428571,4.166666666666667,4.642857142857143,5.0,5.214285714285714,3.1666666666666665,3.0714285714285716,6.166666666666667,5.821428571428571,5.2,4.614285714285714,8,1,5,0,0,16,3.2,5.0,5,4,12.8,3.0
2024-02-08,7.5,7.0,4.666666666666667,4.678571428571429,5.0,5.142857142857143,3.5,3.3214285714285716,6.166666666666667,5.928571428571429,5.733333333333334,5.15,7,1,5,0,1,20,3.3333333333333335,5.0,5,4,13.333333333333334,4.0
2024-02-09,8.833333333333334,7.857142857142857,4.0,4.214285714285714,4.0,4.571428571428571,4.333333333333333,3.7857142857142856,5.666666666666667,5.75,7.716666666666666,6.360714285714287,6,3,7,0,1,27,3.375,5.0,5,4,13.5,5.0
2024-02-10,9.666666666666666,8.571428571428571,3.3333333333333335,3.8214285714285716,3.3333333333333335,4.071428571428571,4.833333333333333,4.178571428571429,5.166666666666667,5.571428571428571,8.983333333333333,7.360714285714286,5,2,6,0,1,25,3.5714285714285716,5.0,5,4,14.285714285714286,5.0
2024-02-11,10.0,9.107142857142858,2.5,3.2857142857142856,3.0,3.7142857142857144,6.0,4.964285714285714,4.5,5.142857142857143,10.1,8.435714285714285,4,4,6,0,1,25,3.5714285714285716,5.0,5,4,14.285714285714286,7.0
2024-02-12,10.0,9.464285714285714,1.6666666666666667,2.642857142857143,3.0,3.4285714285714284,7.166666666666667,5.857142857142857,4.166666666666667,4.785714285714286,12.050000000000002,10.025,3,4,7,1,1,29,3.625,5.0,5,4,14.5,8.0
2024-02-13,10.0,9.75,3.1666666666666665,3.107142857142857,3.0,3.2142857142857144,6.333333333333333,5.857142857142857,5.0,5.0,11.083333333333334,10.22857142857143,2,4,5,1,1,20,3.3333333333333335,5.0,5,4,13.333333333333334,5.0
2024-02-14,10.0,9.928571428571429,3.8333333333333335,3.25,3.5,3.3214285714285716,5.5,5.785714285714286,5.666666666666667,5.178571428571429,9.833333333333334,10.132142857142856,1,4,5,1,1,20,3.3333333333333335,5.0,5,4,13.333333333333334,5.0
2024-02-15,10.0,10.0,4.166666666666667,3.4285714285714284,3.8333333333333335,3.4642857142857144,5.0,5.642857142857143,6.0,5.392857142857143,8.9,9.900000000000002,0,2,3,1,1,15,3.75,5.0,5,4,15.0,5.0
2024-02-16,10.0,10.0,4.0,3.642857142857143,4.0,3.642857142857143,5.0,5.464285714285714,6.0,5.607142857142857,8.8,9.582142857142857,12,3,4,0,0,13,3.25,5.0,5,3,9.75,5.0
2024-02-17,7.0,8.5,5.0,4.321428571428571,5.5,4.535714285714286,4.5,5.035714285714286,6.0,5.785714285714286,6.3500000000000005,8.064285714285715,11,1,2,0,0,6,3.0,4.0,5,2,6.0,4.0
2024-02-18,6.0,7.714285714285714,5.166666666666667,4.642857142857143,5.0,4.535714285714286,3.6666666666666665,4.392857142857143,6.0,5.928571428571429,4.966666666666668,6.871428571428572,10,1,2,0,0,6,3.0,4.0,5,2,6.0,3.0
2024-02-19,5.666666666666667,7.071428571428571,4.166666666666667,4.357142857142857,5.0,4.75,3.6666666666666665,4.142857142857143,6.0,6.0,4.116666666666667,5.803571428571429,9,1,3,0,0,10,3.3333333333333335,4.0,5,2,6.666666666666667,4.0
2024-02-20,5.5,6.321428571428571,4.333333333333333,4.5,4.833333333333333,4.892857142857143,3.3333333333333335,3.7857142857142856,6.0,6.0,3.3166666666666664,4.710714285714286,8,1,2,0,0,6,3.0,4.0,5,2,6.0,3.0
2024-02-21,5.166666666666667,5.75,4.666666666666667,4.642857142857143,5.0,4.964285714285714,3.1666666666666665,3.5,6.0,6.0,2.75,3.8642857142857143,7,1,4,0,1,15,3.0,4.0,5,4,12.0,3.0
2024-02-22,6.0,5.857142857142857,5.0,4.75,4.0,4.5,3.5,3.5357142857142856,5.0,5.5,4.3999999999999995,4.192857142857143,6,1,4,0,2,19,3.1666666666666665,4.0,5,4,12.666666666666666,4.0
2024-02-23,6.666666666666667,6.071428571428571,5.0,4.821428571428571,3.3333333333333335,4.071428571428571,3.8333333333333335,3.607142857142857,4.333333333333333,5.071428571428571,5.666666666666667,4.610714285714286,5,2,6,0,2,26,3.25,5.0,5,4,13.0,4.0
2024-02-24,7.0,6.392857142857143,5.0,4.857142857142857,3.0,3.6785714285714284,4.0,3.7142857142857144,4.0,4.714285714285714,6.3,5.117857142857142,4,1,5,0,2,24,3.4285714285714284,5.0,5,4,13.714285714285714,4.0
2024-02-25,7.0,6.607142857142857,5.0,4.928571428571429,3.0,3.4285714285714284,4.0,3.8214285714285716,4.0,4.428571428571429,6.3,5.539285714285714,3,3,5,1,2,24,3.4285714285714284,5.0,5,4,13.714285714285714,4.0
2024-02-26,8.5,7.535714285714286,3.5,4.25,2.5,2.9642857142857144,6.0,4.892857142857143,3.5,3.9642857142857144,9.999999999999998,7.742857142857142,2,3,7,2,2,33,3.6666666666666665,5.0,5,4,14.666666666666666,8.0
2024-02-27,9.5,8.321428571428571,2.5,3.607142857142857,1.6666666666666667,2.357142857142857,6.333333333333333,5.321428571428571,4.166666666666667,4.107142857142857,11.766666666666666,9.25,1,4,6,2,2,29,3.625,5.0,5,4,14.5,6.0
2024-02-28,10.0,8.928571428571429,2.5,3.3214285714285716,1.6666666666666667,2.142857142857143,6.333333333333333,5.642857142857143,4.166666666666667,4.035714285714286,12.733333333333333,10.507142857142856,0,4,6,2,2,29,3.625,5.0,5,4,14.5,6.0
2024-02-29,10.0,9.357142857142858,3.3333333333333335,3.357142857142857,2.8333333333333335,2.5357142857142856,5.5,5.607142857142857,4.666666666666667,4.285714285714286,11.183333333333335,10.674999999999999,0,2,4,1,2,24,4.0,5.0,5,3,12.0,5.0
2024-03-01,10.0,9.678571428571429,3.8333333333333335,3.4285714285714284,3.6666666666666665,2.892857142857143,5.166666666666667,5.535714285714286,5.333333333333333,4.75,9.583333333333334,10.367857142857144,6,4,5,0,1,22,3.6666666666666665,5.0,5,3,11.0,5.0
2024-03-02,9.0,9.392857142857142,3.5,3.2857142857142856,4.0,3.2142857142857144,4.5,5.178571428571429,5.833333333333333,5.142857142857143,8.683333333333334,10.010714285714284,5,2,3,0,1,15,3.75,5.0,5,3,11.25,4.0
2024-03-03,8.833333333333334,9.321428571428571,3.6666666666666665,3.4642857142857144,4.0,3.5,4.666666666666667,5.071428571428571,6.0,5.464285714285714,8.283333333333333,9.475,4,2,3,0,1,15,3.75,5.0,5,3,11.25,5.0
2024-03-04,9.333333333333334,9.428571428571429,2.8333333333333335,3.1785714285714284,3.0,3.25,5.833333333333333,5.428571428571429,5.0,5.214285714285714,9.666666666666666,9.625,3,2,4,1,1,19,3.8,5.0,5,3,11.399999999999999,7.0
2024-03-05,9.333333333333334,9.285714285714286,3.3333333333333335,3.392857142857143,3.8333333333333335,3.75,5.166666666666667,5.071428571428571,5.333333333333333,5.428571428571429,8.1,8.617857142857142,2,1,2,1,1,10,3.3333333333333335,4.0,5,2,6.666666666666667,4.0
2024-03-06,9.666666666666666,9.428571428571429,3.1666666666666665,3.2857142857142856,4.0,3.857142857142857,5.0,5.035714285714286,5.666666666666667,5.607142857142857,7.383333333333333,8.057142857142857,1,1,4,1,1,15,3.0,4.0,5,3,9.0,5.0
2024-03-07,9.833333333333334,9.571428571428571,3.1666666666666665,3.1785714285714284,4.166666666666667,3.892857142857143,4.833333333333333,5.035714285714286,6.0,5.714285714285714,6.8500000000000005,7.7,0,1,4,1,1,15,3.0,4.0,5,3,9.0,5.0
2024-03-08,9.0,9.214285714285714,3.0,3.107142857142857,4.5,4.178571428571429,5.5,5.285714285714286,5.5,5.535714285714286,6.55,7.2178571428571425,13,2,6,0,0,18,3.0,5.0,5,4,12.0,6.0
2024-03-09,8.333333333333334,8.928571428571429,3.0,3.0714285714285716,4.833333333333333,4.428571428571429,5.833333333333333,5.5,5.166666666666667,5.392857142857143,6.25,6.817857142857142,12,1,5,0,0,16,3.2,5.0,5,4,12.8,6.0
2024-03-10,8.0,8.642857142857142,3.0,3.0357142857142856,5.0,4.642857142857143,6.0,5.642857142857143,5.0,5.285714285714286,6.099999999999999,6.503571428571427,11,3,5,0,0,16,3.2,5.0,5,4,12.8,6.0
2024-03-11,8.5,8.642857142857142,3.5,3.2857142857142856,5.0,4.821428571428571,5.5,5.5,5.5,5.464285714285714,7.099999999999999,6.760714285714285,10,3,6,0,0,20,3.3333333333333335,5.0,5,4,13.333333333333334,5.0
2024-03-12,8.833333333333334,8.678571428571429,3.8333333333333335,3.4642857142857144,5.0,4.892857142857143,4.666666666666667,5.178571428571429,5.833333333333333,5.571428571428571,7.366666666666666,6.924999999999999,9,4,5,0,0,16,3.2,5.0,5,4,12.8,4.0
2024-03-13,8.0,8.214285714285714,4.0,3.642857142857143,6.0,5.464285714285714,4.166666666666667,4.857142857142857,6.0,5.678571428571429,7.133333333333333,6.896428571428571,8,4,5,0,0,16,3.2,5.0,5,4,12.8,4.0
2024-03-14,7.333333333333333,7.857142857142857,3.5,3.5357142857142856,6.166666666666667,5.678571428571429,4.5,4.821428571428571,5.5,5.535714285714286,6.7,6.828571428571428,7,2,3,0,1,15,3.75,5.0,5,4,15.0,5.0
2024-03-15,8.5,8.357142857142858,3.6666666666666665,3.6785714285714284,4.666666666666667,5.071428571428571,5.333333333333333,5.035714285714286,5.166666666666667,5.428571428571429,7.383333333333333,7.203571428571428,6,3,4,0,1,17,3.4,5.0,5,4,13.6,6.0
2024-03-16,9.5,8.785714285714286,3.8333333333333335,3.7857142857142856,3.5,4.535714285714286,5.833333333333333,5.25,5.0,5.321428571428571,7.916666666666667,7.503571428571427,5,1,2,0,1,10,3.3333333333333335,4.0,5,3,10.0,6.0
2024-03-17,8.5,8.392857142857142,5.0,4.357142857142857,3.5,4.321428571428571,5.5,5.214285714285714,6.0,5.714285714285714,7.349999999999999,7.303571428571429,4,1,2,0,1,10,3.3333333333333335,4.0,5,3,10.0,5.0
2024-03-18,9.0,8.785714285714286,3.6666666666666665,3.8214285714285716,3.8333333333333335,4.142857142857143,5.666666666666667,5.464285714285714,6.166666666666667,5.785714285714286,7.483333333333334,7.439285714285715,3,1,4,1,1,19,3.8,5.0,5,4,15.2,6.0
2024-03-19,9.5,9.142857142857142,3.6666666666666665,3.857142857142857,4.0,4.0,5.833333333333333,5.678571428571429,5.666666666666667,5.607142857142857,6.816666666666667,7.1571428571428575,2,1,3,1,1,15,3.75,5.0,5,4,15.0,6.0
2024-03-20,10.0,9.464285714285714,3.6666666666666665,3.892857142857143,4.0,3.892857142857143,6.0,5.821428571428571,5.166666666666667,5.464285714285714,6.483333333333334,6.914285714285714,1,1,5,1,1,20,3.3333333333333335,5.0,5,4,13.333333333333334,6.0
2024-03-21,10.0,9.678571428571429,4.0,3.9285714285714284,4.5,4.142857142857143,5.0,5.392857142857143,5.0,5.357142857142857,7.2,7.189285714285712,0,1,6,1,1,22,3.142857142857143,5.0,5,5,15.714285714285714,4.0
2024-03-22,9.5,9.535714285714286,4.5,4.178571428571429,3.3333333333333335,3.6785714285714284,5.333333333333333,5.5,4.5,5.0,7.616666666666667,7.278571428571429,22,3,8,0,0,25,3.125,5.0,5,5,15.625,6.0
2024-03-23,9.666666666666666,9.678571428571429,3.8333333333333335,3.892857142857143,4.0,4.0,5.166666666666667,5.357142857142857,4.666666666666667,4.928571428571429,7.883333333333334,7.435714285714286,21,2,7,0,0,23,3.2857142857142856,5.0,5,5,16.428571428571427,5.0
2024-03-24,9.833333333333334,9.821428571428571,3.3333333333333335,3.642857142857143,3.5,3.75,5.166666666666667,5.25,4.333333333333333,4.607142857142857,8.666666666666666,8.00357142857143,20,4,7,0,0,23,3.2857142857142856,5.0,5,5,16.428571428571427,5.0
2024-03-25,10.0,9.857142857142858,3.0,3.5,3.8333333333333335,3.7857142857142856,5.0,5.142857142857143,4.166666666666667,4.392857142857143,10.133333333333335,8.914285714285715,19,5,8,0,0,27,3.375,5.0,5,5,16.875,5.0
2024-03-26,8.5,9.142857142857142,3.5,3.5714285714285716,3.8333333333333335,3.8214285714285716,4.5,4.821428571428571,4.5,4.5,8.55,8.47857142857143,18,5,6,0,0,18,3.0,5.0,5,5,15.0,4.0
2024-03-27,7.5,8.535714285714286,3.8333333333333335,3.642857142857143,4.0,3.857142857142857,4.166666666666667,4.571428571428571,4.833333333333333,4.607142857142857,7.216666666666668,8.035714285714286,17,5,6,0,0,18,3.0,5.0,5,5,15.0,4.0
2024-03-28,7.5,8.285714285714286,3.5,3.4642857142857144,5.0,4.392857142857143,4.0,4.392857142857143,6.0,5.214285714285714,6.2,7.485714285714286,16,3,4,0,0,13,3.25,5.0,5,4,13.0,4.0
2024-03-29,7.333333333333333,7.857142857142857,4.666666666666667,4.071428571428571,4.666666666666667,4.392857142857143,3.0,3.7142857142857144,6.166666666666667,5.5,6.166666666666667,7.064285714285715,15,3,4,0,0,13,3.25,5.0,5,3,9.75,2.0
2024-03-30,6.166666666666667,7.0,5.0,4.392857142857143,5.833333333333333,5.071428571428571,3.8333333333333335,3.9285714285714284,5.666666666666667,5.464285714285714,5.216666666666666,6.221428571428572,14,1,2,0,0,6,3.0,4.0,5,2,6.0,5.0
2024-03-31,5.833333333333333,6.571428571428571,4.666666666666667,4.392857142857143,5.0,4.928571428571429,4.5,4.142857142857143,5.166666666666667,5.428571428571429,4.766666666666667,5.582142857142857,13,1,2,0,0,6,3.0,4.0,5,2,6.0,5.0
2024-04-01,6.833333333333333,6.785714285714286,3.6666666666666665,4.107142857142857,5.0,5.0,4.5,4.107142857142857,5.5,5.607142857142857,4.3999999999999995,5.042857142857143,12,1,3,0,0,10,3.3333333333333335,4.0,5,2,6.666666666666667,4.0
2024-04-02,6.666666666666667,6.571428571428571,4.166666666666667,4.321428571428571,5.333333333333333,5.285714285714286,4.166666666666667,4.107142857142857,5.833333333333333,5.714285714285714,3.4499999999999997,4.303571428571429,11,1,2,0,0,6,3.0,4.0,5,2,6.0,4.0
2024-04-03,7.333333333333333,6.892857142857143,4.166666666666667,4.25,4.833333333333333,5.0,4.5,4.357142857142857,7.0,6.285714285714286,4.1000000000000005,4.353571428571428,10,1,4,0,0,11,2.75,4.0,5,3,8.25,5.0
2024-04-04,6.166666666666667,6.428571428571429,5.166666666666667,4.678571428571429,5.333333333333333,5.214285714285714,4.333333333333333,4.321428571428571,6.666666666666667,6.25,3.8666666666666667,4.05,9,1,4,0,0,11,2.75,4.0,5,3,8.25,4.0
2024-04-05,5.5,6.071428571428571,5.666666666666667,5.0,5.666666666666667,5.428571428571429,4.166666666666667,4.285714285714286,6.333333333333333,6.25,3.766666666666667,3.835714285714286,8,2,6,0,0,18,3.0,5.0,5,4,12.0,4.0
2024-04-06,5.0,5.785714285714286,6.0,5.321428571428571,6.0,5.571428571428571,4.0,4.178571428571429,6.0,6.25,3.5,3.7178571428571425,7,1,5,0,1,21,3.5,5.0,5,4,14.0,4.0
2024-04-07,7.5,6.75,5.0,5.107142857142857,5.0,5.25,5.0,4.607142857142857,6.5,6.464285714285714,6.0,4.878571428571428,6,3,5,0,1,21,3.5,5.0,5,4,14.0,6.0
2024-04-08,9.166666666666666,7.571428571428571,2.8333333333333335,4.142857142857143,2.8333333333333335,4.178571428571429,6.666666666666667,5.5,4.833333333333333,5.607142857142857,9.816666666666668,6.9750000000000005,5,3,5,0,2,26,3.7142857142857144,5.0,5,4,14.857142857142858,8.0
2024-04-09,10.0,8.321428571428571,1.5,3.25,1.5,3.25,7.666666666666667,6.25,3.6666666666666665,4.857142857142857,12.083333333333334,8.767857142857142,4,4,4,0,3,27,3.857142857142857,5.0,5,4,15.428571428571429,8.0
2024-04-10,10.0,8.928571428571429,2.0,3.0,1.5,2.75,7.5,6.607142857142857,3.5,4.464285714285714,13.15,10.367857142857144,3,4,4,1,3,27,3.857142857142857,5.0,5,4,15.428571428571429,7.0
2024-04-11,10.0,9.464285714285714,2.1666666666666665,2.5357142857142856,1.8333333333333333,2.3214285714285716,8.166666666666666,7.392857142857143,3.3333333333333335,3.9642857142857144,12.333333333333334,11.142857142857142,2,2,2,1,3,22,4.4,5.0,5,3,13.200000000000001,9.0
2024-04-12,10.0,9.821428571428571,2.1666666666666665,2.2142857142857144,2.0,2.0357142857142856,8.666666666666666,8.0,3.1666666666666665,3.5714285714285716,11.75,11.635714285714286,1,2,2,2,3,22,4.4,5.0,5,3,13.200000000000001,9.0
2024-04-13,10.0,10.0,1.0,1.5357142857142858,2.0,1.8928571428571428,8.5,8.178571428571429,3.0,3.2857142857142856,11.9,12.096428571428572,0,0,0,3,4,20,5.0,5.0,5,4,20.0,8.0
2024-04-14,10.0,10.0,1.3333333333333333,1.5714285714285714,2.5,2.142857142857143,7.166666666666667,7.714285714285714,3.0,3.107142857142857,10.683333333333335,11.464285714285714,1,0,0,2,3,15,5.0,5.0,5,3,15.0,6.0
2024-04-15,10.0,10.0,1.1666666666666667,1.4285714285714286,2.3333333333333335,2.1785714285714284,7.833333333333333,8.0,4.0,3.5714285714285716,10.416666666666666,11.103571428571428,0,0,1,2,3,18,4.5,5.0,5,4,18.0,9.0
2024-04-16,10.0,10.0,1.6666666666666667,1.5357142857142858,3.1666666666666665,2.6785714285714284,7.0,7.5,5.666666666666667,4.464285714285714,9.299999999999999,10.325000000000001,0,0,1,1,2,13,4.333333333333333,5.0,5,3,13.0,6.0
2024-04-17,9.5,9.75,1.8333333333333333,1.6071428571428572,3.1666666666666665,2.8214285714285716,6.0,6.821428571428571,5.166666666666667,4.464285714285714,6.983333333333333,8.775,3,0,1,1,1,8,4.0,5.0,5,2,8.0,5.0
2024-04-18,9.166666666666666,9.535714285714286,2.0,1.7142857142857142,3.1666666666666665,2.9285714285714284,5.166666666666667,6.214285714285714,4.5,4.464285714285714,5.416666666666667,7.5357142857142865,2,0,1,1,1,8,4.0,5.0,5,2,8.0,5.0
2024-04-19,9.5,9.607142857142858,3.0,2.3214285714285716,3.0,3.0,5.0,5.75,4.5,4.678571428571429,5.25,6.757142857142858,1,1,1,1,1,8,4.0,5.0,5,2,8.0,5.0
2024-04-20,9.333333333333334,9.428571428571429,4.166666666666667,3.107142857142857,4.0,3.5357142857142856,5.0,5.428571428571429,5.333333333333333,5.071428571428571,5.95,6.382142857142857,0,1,1,1,1,8,4.0,5.0,5,2,8.0,5.0
2024-04-21,6.666666666666667,8.035714285714286,5.333333333333333,3.9642857142857144,4.666666666666667,3.9642857142857144,5.0,5.214285714285714,6.333333333333333,5.607142857142857,3.216666666666667,4.642857142857143,-1,1,1,0,0,3,3.0,3.0,5,1,3.0,5.0
2024-04-22,5.833333333333333,7.357142857142857,4.833333333333333,4.178571428571429,5.0,4.321428571428571,5.0,5.035714285714286,6.833333333333333,6.0,3.1,4.1535714285714285,-1,1,1,0,0,3,3.0,3.0,5,1,3.0,5.0
2024-09-03,2.0,2.0,6.0,6.0,7.0,7.0,1.0,1.0,8.0,8.0,1.1,1.1,44,0,0,0,0,0,,,6,0,,1.0
2024-09-04,3.2,3.076923076923077,6.0,6.0,7.0,7.0,1.0,1.0,8.0,8.0,0.86,0.8846153846153846,43,0,0,0,0,0,,,6,0,,1.0
2024-09-05,2.6666666666666665,2.6666666666666665,7.0,6.777777777777778,7.0,7.0,1.0,1.0,7.5,7.611111111111111,0.8666666666666667,0.8888888888888888,42,0,0,0,0,0,,,6,0,,1.0
2024-09-06,2.8333333333333335,2.772727272727273,7.166666666666667,6.863636363636363,6.5,6.681818181818182,1.0,1.0,7.166666666666667,7.409090909090909,0.8166666666666668,0.8590909090909092,41,0,1,0,0,4,4.0,4.0,6,1,4.0,1.0
2024-09-07,2.8333333333333335,2.84,7.166666666666667,6.92,6.666666666666667,6.76,1.5,1.28,8.0,7.84,0.7166666666666667,0.784,40,0,1,0,0,4,4.0,4.0,6,1,4.0,2.0
2024-09-08,3.0,2.888888888888889,7.0,6.962962962962963,6.833333333333333,6.814814814814815,1.8333333333333333,1.4814814814814814,8.666666666666666,8.148148148148149,0.6333333333333333,0.7296296296296296,39,0,1,0,0,4,4.0,4.0,6,1,4.0,2.0
2024-09-09,3.5,3.1785714285714284,7.5,7.25,6.5,6.607142857142857,2.0,1.6428571428571428,8.0,7.892857142857143,0.5499999999999999,0.6607142857142857,38,0,2,0,0,9,4.5,5.0,6,2,9.0,2.0
2024-09-10,3.8333333333333335,3.4285714285714284,7.333333333333333,7.25,6.666666666666667,6.678571428571429,2.0,1.7857142857142858,7.833333333333333,7.928571428571429,0.4166666666666667,0.55,37,1,2,0,0,9,4.5,5.0,6,2,9.0,2.0
2024-09-11,4.0,3.607142857142857,7.166666666666667,7.214285714285714,7.333333333333333,7.0,1.5,1.6428571428571428,6.833333333333333,7.464285714285714,0.6333333333333334,0.6178571428571429,36,1,4,0,0,15,3.75,5.0,6,4,15.0,1.0
2024-09-12,3.5,3.5357142857142856,7.5,7.392857142857143,6.833333333333333,6.785714285714286,1.6666666666666667,1.75,6.833333333333333,7.321428571428571,1.6500000000000001,1.1035714285714284,35,1,5,0,0,18,3.6,5.0,6,5,18.0,2.0
2024-09-13,3.6666666666666665,3.6785714285714284,6.833333333333333,7.071428571428571,6.333333333333333,6.607142857142857,2.3333333333333335,2.0714285714285716,7.333333333333333,7.428571428571429,2.766666666666667,1.7535714285714286,34,2,6,0,0,22,3.6666666666666665,5.0,6,5,18.333333333333332,3.0
2024-09-14,3.3333333333333335,3.5357142857142856,6.333333333333333,6.785714285714286,6.0,6.428571428571429,2.3333333333333335,2.0714285714285716,7.833333333333333,7.5,2.9,2.082142857142857,33,1,5,0,0,18,3.6,5.0,6,4,14.4,2.0
2024-09-15,3.1666666666666665,3.392857142857143,6.0,6.535714285714286,6.0,6.285714285714286,2.1666666666666665,2.0714285714285716,8.0,7.607142857142857,2.75,2.3392857142857144,32,3,5,0,0,18,3.6,5.0,6,4,14.4,2.0
2024-09-16,4.0,3.75,6.0,6.321428571428571,6.5,6.428571428571429,2.0,2.0714285714285716,7.0,7.25,2.75,2.6,31,4,6,0,0,23,3.8333333333333335,5.0,6,4,15.333333333333334,2.0
2024-09-17,4.666666666666667,4.071428571428571,6.0,6.178571428571429,6.833333333333333,6.535714285714286,2.0,2.0714285714285716,6.333333333333333,6.928571428571429,2.85,2.775,30,4,5,0,0,18,3.6,5.0,6,4,14.4,2.0
2024-09-18,5.0,4.357142857142857,6.0,6.071428571428571,6.5,6.392857142857143,2.5,2.3214285714285716,5.5,6.428571428571429,2.9,2.857142857142857,29,4,5,0,0,18,3.6,5.0,6,4,14.4,3.0
2024-09-19,5.0,4.607142857142857,6.0,6.0,6.166666666666667,6.321428571428571,2.8333333333333335,2.5,5.166666666666667,5.964285714285714,2.9,2.867857142857143,28,2,3,0,0,12,4.0,5.0,6,3,12.0,3.0
2024-09-20,5.0,4.785714285714286,6.0,6.0,6.0,6.25,3.0,2.642857142857143,5.0,5.571428571428571,2.9,2.867857142857143,27,2,4,0,0,16,4.0,5.0,6,4,16.0,3.0
2024-09-21,4.0,4.428571428571429,6.5,6.25,7.0,6.678571428571429,2.5,2.5357142857142856,6.5,6.035714285714286,1.5499999999999998,2.2142857142857144,26,1,3,0,0,12,4.0,5.0,6,3,12.0,2.0
2024-09-22,3.3333333333333335,4.071428571428571,6.833333333333333,6.464285714285714,6.666666666666667,6.535714285714286,2.1666666666666665,2.4285714285714284,7.5,6.5,1.75,2.1964285714285716,25,1,3,0,0,12,4.0,5.0,6,3,12.0,2.0
2024-09-23,3.5,3.9642857142857144,6.5,6.392857142857143,6.333333333333333,6.392857142857143,3.0,2.8214285714285716,7.0,6.464285714285714,2.6333333333333333,2.4857142857142853,24,1,5,0,0,18,3.6,5.0,6,4,14.4,4.0
2024-09-24,3.3333333333333335,3.642857142857143,6.166666666666667,6.321428571428571,6.5,6.535714285714286,2.6666666666666665,2.642857142857143,6.833333333333333,6.678571428571429,2.7999999999999994,2.4499999999999997,23,2,4,0,0,13,3.25,5.0,6,4,13.0,2.0
2024-09-25,3.6666666666666665,3.642857142857143,6.5,6.5,6.333333333333333,6.428571428571429,2.3333333333333335,2.4642857142857144,7.333333333333333,7.107142857142857,1.8,2.032142857142857,22,2,6,0,0,19,3.1666666666666665,5.0,6,5,15.833333333333332,2.0
2024-09-26,3.3333333333333335,3.4285714285714284,7.333333333333333,6.892857142857143,6.666666666666667,6.571428571428571,2.0,2.3214285714285716,7.833333333333333,7.428571428571429,2.0666666666666664,2.189285714285714,21,2,7,0,0,22,3.142857142857143,5.0,6,6,18.857142857142858,2.0
2024-09-27,4.166666666666667,3.7857142857142856,5.833333333333333,6.214285714285714,6.333333333333333,6.428571428571429,2.5,2.4642857142857144,7.5,7.392857142857143,2.5666666666666664,2.3999999999999995,20,4,8,0,0,26,3.25,5.0,6,6,19.5,3.0
2024-09-28,4.166666666666667,3.892857142857143,5.666666666666667,6.107142857142857,6.166666666666667,6.285714285714286,2.8333333333333335,2.607142857142857,7.166666666666667,7.285714285714286,2.966666666666667,2.607142857142857,19,2,6,0,0,19,3.1666666666666665,5.0,6,5,15.833333333333332,3.0
2024-09-29,3.6666666666666665,3.7142857142857144,6.666666666666667,6.535714285714286,6.5,6.464285714285714,2.5,2.4642857142857144,7.0,7.214285714285714,2.9499999999999997,2.689285714285714,18,4,6,0,0,19,3.1666666666666665,5.0,6,5,15.833333333333332,2.0
2024-09-30,3.6666666666666665,3.7857142857142856,7.666666666666667,6.928571428571429,6.333333333333333,6.357142857142857,2.1666666666666665,2.3214285714285716,7.0,7.178571428571429,3.316666666666667,2.9535714285714287,17,5,7,0,0,24,3.4285714285714284,5.0,6,5,17.142857142857142,2.0
2024-10-01,4.333333333333333,4.107142857142857,8.0,7.25,5.666666666666667,6.0,2.5,2.5,6.5,6.857142857142857,2.9166666666666665,2.889285714285714,16,4,5,0,0,18,3.6,5.0,6,4,14.4,3.0
2024-10-02,5.333333333333333,4.607142857142857,7.0,7.0,6.166666666666667,6.214285714285714,2.8333333333333335,2.642857142857143,7.166666666666667,7.071428571428571,3.216666666666667,3.125,15,4,5,0,0,18,3.6,5.0,6,4,14.4,3.0
2024-10-03,4.333333333333333,4.285714285714286,6.833333333333333,7.035714285714286,6.166666666666667,6.142857142857143,3.0,2.75,7.166666666666667,7.035714285714286,2.6999999999999997,2.9107142857142856,14,2,3,0,0,12,4.0,5.0,6,3,12.0,3.0
2024-10-04,3.5,3.9642857142857144,6.333333333333333,6.857142857142857,6.666666666666667,6.357142857142857,3.0,2.8214285714285716,7.666666666666667,7.285714285714286,2.183333333333333,2.592857142857143,13,2,4,0,0,16,4.0,5.0,6,4,16.0,3.0
2024-10-05,3.0,3.7142857142857144,6.666666666666667,6.857142857142857,5.833333333333333,6.035714285714286,2.5,2.642857142857143,8.333333333333334,7.75,1.2833333333333332,2.071428571428571,12,1,3,0,0,12,4.0,5.0,6,3,12.0,2.0
2024-10-06,3.0,3.5,6.833333333333333,6.821428571428571,5.333333333333333,5.75,2.1666666666666665,2.5,8.833333333333334,8.142857142857142,0.8666666666666666,1.632142857142857,11,1,3,0,0,12,4.0,5.0,6,3,12.0,2.0
2024-10-07,4.0,3.7857142857142856,7.0,6.821428571428571,5.0,5.535714285714286,3.0,2.857142857142857,7.5,7.714285714285714,2.2499999999999996,2.0464285714285713,10,1,4,0,0,17,4.25,5.0,6,3,12.75,4.0
2024-10-08,4.666666666666667,4.035714285714286,7.0,6.857142857142857,5.0,5.357142857142857,3.6666666666666665,3.142857142857143,6.5,7.321428571428571,3.2833333333333328,2.457142857142857,9,2,3,0,0,12,4.0,5.0,6,3,12.0,4.0
2024-10-09,5.0,4.285714285714286,6.5,6.678571428571429,5.5,5.428571428571429,3.5,3.142857142857143,7.5,7.678571428571429,2.9499999999999997,2.392857142857143,8,2,5,0,0,18,3.6,5.0,6,4,14.4,3.0
2024-10-10,5.0,4.571428571428571,6.166666666666667,6.5,5.833333333333333,5.535714285714286,3.1666666666666665,3.142857142857143,8.5,8.0,2.3833333333333333,2.382142857142857,7,2,6,0,1,27,3.857142857142857,6.0,6,5,19.285714285714285,3.0
2024-10-11,5.5,5.035714285714286,6.0,6.357142857142857,6.0,5.642857142857143,3.0,3.142857142857143,8.0,7.75,3.0500000000000003,2.85,6,3,7,0,1,31,3.875,6.0,6,5,19.375,3.0
2024-10-12,4.833333333333333,4.892857142857143,6.5,6.464285714285714,6.5,6.035714285714286,3.0,3.142857142857143,7.333333333333333,7.535714285714286,3.383333333333333,3.0857142857142854,5,1,5,0,1,24,4.0,6.0,6,4,16.0,3.0
2024-10-13,4.333333333333333,4.714285714285714,6.333333333333333,6.321428571428571,6.833333333333333,6.357142857142857,3.0,3.107142857142857,7.0,7.392857142857143,3.5500000000000003,3.25,4,3,5,0,1,24,4.0,6.0,6,4,16.0,3.0
2024-10-14,6.0,5.5,5.666666666666667,5.964285714285714,5.5,5.857142857142857,3.0,3.0357142857142856,6.5,7.071428571428571,4.333333333333333,3.739285714285714,3,4,5,1,2,30,4.285714285714286,6.0,6,4,17.142857142857142,3.0
2024-10-15,6.333333333333333,5.678571428571429,5.166666666666667,5.678571428571429,5.0,5.642857142857143,3.0,3.0,6.166666666666667,6.75,4.816666666666666,4.128571428571428,2,4,4,1,3,30,4.285714285714286,6.0,6,5,21.428571428571427,3.0
2024-10-16,7.333333333333333,6.321428571428571,5.0,5.464285714285714,4.333333333333333,5.178571428571429,3.5,3.25,5.0,5.928571428571429,5.683333333333333,4.8,1,4,4,1,3,30,4.285714285714286,6.0,6,5,21.428571428571427,4.0
2024-10-17,8.166666666666666,7.107142857142857,5.5,5.535714285714286,4.166666666666667,4.785714285714286,3.3333333333333335,3.2142857142857144,5.333333333333333,5.785714285714286,6.233333333333333,5.396428571428571,0,2,2,1,4,29,4.833333333333333,6.0,6,4,19.333333333333332,3.0
2024-10-18,7.333333333333333,7.0,6.333333333333333,5.857142857142857,4.0,4.464285714285714,3.1666666666666665,3.1785714285714284,5.166666666666667,5.5,5.05,5.082142857142856,3,1,3,1,3,27,4.5,6.0,6,5,22.5,3.0
2024-10-19,6.5,6.892857142857143,6.833333333333333,6.142857142857143,4.0,4.214285714285714,3.0,3.142857142857143,5.166666666666667,5.285714285714286,4.1000000000000005,4.782142857142857,2,0,2,2,3,23,4.6,6.0,6,4,18.4,3.0
2024-10-20,6.0,6.714285714285714,7.0,6.428571428571429,4.0,4.071428571428571,3.0,3.107142857142857,5.0,5.142857142857143,3.6,4.475,1,0,2,2,3,23,4.6,6.0,6,4,18.4,3.0
2024-10-21,7.0,6.964285714285714,6.0,6.178571428571429,5.0,4.535714285714286,4.0,3.5714285714285716,5.0,5.071428571428571,5.3,5.014285714285714,0,0,5,3,3,34,4.25,6.0,6,5,21.25,5.0
2024-10-22,8.166666666666666,7.464285714285714,5.833333333333333,6.178571428571429,5.166666666666667,4.678571428571429,3.6666666666666665,3.4642857142857144,6.0,5.535714285714286,5.733333333333333,5.139285714285714,0,2,5,2,3,33,4.125,5.0,6,5,20.625,3.0
2024-10-23,7.333333333333333,7.107142857142857,5.833333333333333,6.142857142857143,6.166666666666667,5.321428571428571,3.3333333333333335,3.357142857142857,6.166666666666667,5.714285714285714,4.933333333333333,4.792857142857143,1,2,7,1,2,34,3.7777777777777777,5.0,6,6,22.666666666666664,3.0
2024-10-24,7.0,7.071428571428571,5.5,5.821428571428571,5.166666666666667,5.107142857142857,3.5,3.5357142857142856,6.166666666666667,5.821428571428571,4.95,4.9607142857142845,0,2,8,1,2,37,3.7,5.0,6,6,22.200000000000003,4.0
2024-10-25,6.833333333333333,7.107142857142857,5.666666666666667,5.785714285714286,5.5,5.392857142857143,3.3333333333333335,3.4285714285714284,6.0,5.928571428571429,5.266666666666667,5.192857142857143,4,5,9,0,1,36,3.6,5.0,6,6,21.6,3.0
2024-10-26,6.0,6.607142857142857,5.833333333333333,5.785714285714286,5.166666666666667,5.357142857142857,3.6666666666666665,3.5714285714285716,5.5,5.75,5.183333333333333,5.153571428571428,3,3,7,1,1,29,3.625,5.0,6,5,18.125,4.0
2024-10-27,6.333333333333333,6.642857142857143,6.0,5.821428571428571,4.666666666666667,5.035714285714286,3.8333333333333335,3.6785714285714284,5.666666666666667,5.821428571428571,4.983333333333333,5.096428571428571,2,5,7,1,1,29,3.625,5.0,6,5,18.125,4.0
2024-10-28,7.666666666666667,7.142857142857143,6.0,5.892857142857143,5.166666666666667,5.214285714285714,4.0,3.75,4.833333333333333,5.357142857142857,5.483333333333333,5.292857142857143,1,6,7,1,1,29,3.625,5.0,6,5,18.125,4.0
2024-10-29,7.666666666666667,7.107142857142857,6.0,5.928571428571429,5.166666666666667,5.142857142857143,4.0,3.857142857142857,5.333333333333333,5.428571428571429,5.2,5.171428571428571,0,4,4,1,1,18,3.6,5.0,6,3,10.8,4.0
2024-10-30,6.833333333333333,6.892857142857143,6.0,5.964285714285714,5.166666666666667,5.071428571428571,3.5,3.6785714285714284,5.666666666666667,5.535714285714286,4.333333333333333,4.7821428571428575,42,4,4,0,0,13,3.25,4.0,6,3,9.75,3.0
2024-10-31,5.666666666666667,6.428571428571429,6.0,6.0,6.0,5.571428571428571,2.6666666666666665,3.25,7.0,6.142857142857143,3.1999999999999997,4.1535714285714285,41,2,2,0,0,7,3.5,4.0,6,2,7.0,2.0
2024-11-01,4.666666666666667,5.785714285714286,6.5,6.25,5.666666666666667,5.464285714285714,2.6666666666666665,3.142857142857143,7.666666666666667,6.678571428571429,2.516666666666667,3.5571428571428574,40,1,3,0,0,11,3.6666666666666665,4.0,6,3,11.0,3.0
2024-11-02,2.6666666666666665,4.5,6.833333333333333,6.464285714285714,6.833333333333333,6.142857142857143,2.3333333333333335,2.7857142857142856,8.0,7.142857142857143,1.4000000000000001,2.6571428571428575,39,0,2,0,0,7,3.5,4.0,6,2,7.0,2.0
2024-11-03,1.5,3.357142857142857,7.5,6.892857142857143,7.5,6.714285714285714,2.1666666666666665,2.5,7.5,7.25,0.5833333333333334,1.8107142857142857,38,0,2,0,0,7,3.5,4.0,6,2,7.0,2.0
2024-11-04,1.0,2.4285714285714284,7.833333333333333,7.25,8.0,7.142857142857143,2.0,2.2857142857142856,7.166666666666667,7.321428571428571,0.16666666666666666,1.1357142857142857,37,0,3,0,0,12,4.0,5.0,6,3,12.0,2.0
2024-11-05,3.0,2.7857142857142856,7.0,7.035714285714286,7.0,7.0,2.5,2.392857142857143,7.0,7.285714285714286,1.2,1.2249999999999999,36,2,3,0,0,12,4.0,5.0,6,3,12.0,3.0
2024-11-06,4.333333333333333,3.2142857142857144,5.833333333333333,6.571428571428571,5.833333333333333,6.571428571428571,3.3333333333333335,2.7857142857142856,6.0,6.714285714285714,1.3333333333333333,1.1,35,2,5,0,0,18,3.6,5.0,6,4,14.4,4.0
2024-11-07,5.0,3.6785714285714284,5.166666666666667,6.142857142857143,5.166666666666667,6.142857142857143,3.3333333333333335,2.892857142857143,6.333333333333333,6.678571428571429,1.6500000000000001,1.2357142857142858,34,2,6,0,0,21,3.5,5.0,6,5,17.5,3.0
2024-11-08,5.0,4.142857142857143,5.5,6.0,5.5,6.035714285714286,3.1666666666666665,2.9642857142857144,6.166666666666667,6.428571428571429,2.283333333333333,1.6964285714285714,33,3,7,0,0,25,3.5714285714285716,5.0,6,5,17.857142857142858,3.0
2024-11-09,5.0,4.571428571428571,5.833333333333333,5.892857142857143,5.833333333333333,5.892857142857143,3.0,3.0357142857142856,6.166666666666667,6.25,2.8000000000000003,2.1285714285714286,32,1,5,0,0,18,3.6,5.0,6,4,14.4,3.0
2024-11-10,5.0,4.857142857142857,6.5,6.071428571428571,5.5,5.571428571428571,3.5,3.3214285714285716,6.0,6.142857142857143,2.6,2.271428571428572,31,3,5,0,0,18,3.6,5.0,6,4,14.4,4.0
2024-11-11,5.5,5.25,5.833333333333333,5.785714285714286,5.666666666666667,5.607142857142857,3.8333333333333335,3.5357142857142856,6.5,6.321428571428571,3.233333333333333,2.789285714285714,30,4,6,0,0,23,3.8333333333333335,5.0,6,4,15.333333333333334,4.0
2024-11-12,5.333333333333333,5.214285714285714,6.333333333333333,6.107142857142857,5.333333333333333,5.464285714285714,3.5,3.4285714285714284,7.333333333333333,6.75,2.6999999999999997,2.667857142857143,29,4,5,0,0,18,3.6,5.0,6,4,14.4,3.0
2024-11-13,5.166666666666667,5.178571428571429,5.666666666666667,5.892857142857143,5.166666666666667,5.357142857142857,3.6666666666666665,3.5714285714285716,6.833333333333333,6.642857142857143,3.0833333333333335,2.932142857142857,28,4,5,0,0,18,3.6,5.0,6,4,14.4,4.0
2024-11-14,4.5,4.892857142857143,6.333333333333333,6.178571428571429,5.5,5.5,3.8333333333333335,3.7142857142857144,7.333333333333333,7.0,2.35,2.6607142857142856,27,2,3,0,0,12,4.0,5.0,6,3,12.0,4.0
2024-11-15,3.1666666666666665,4.142857142857143,6.166666666666667,6.142857142857143,6.333333333333333,5.857142857142857,3.5,3.5714285714285716,7.166666666666667,7.071428571428571,2.4,2.5928571428571425,26,2,4,0,0,16,4.0,5.0,6,4,16.0,3.0
2024-11-16,3.8333333333333335,4.25,6.166666666666667,6.107142857142857,6.833333333333333,6.178571428571429,3.1666666666666665,3.4285714285714284,7.666666666666667,7.357142857142857,1.1166666666666667,1.917857142857143,25,1,3,0,0,12,4.0,5.0,6,3,12.0,3.0
2024-11-17,4.0,4.107142857142857,6.0,6.071428571428571,6.5,6.214285714285714,3.0,3.2857142857142856,7.333333333333333,7.321428571428571,1.1666666666666667,1.7249999999999999,24,1,3,0,0,12,4.0,5.0,6,3,12.0,3.0
2024-11-18,5.166666666666667,4.5,6.5,6.321428571428571,6.166666666666667,6.214285714285714,3.5,3.4285714285714284,6.666666666666667,7.0,2.25,2.0571428571428574,23,1,5,0,0,18,3.6,5.0,6,4,14.4,4.0
2024-11-19,5.666666666666667,4.892857142857143,6.833333333333333,6.5,6.0,6.214285714285714,3.8333333333333335,3.5714285714285716,6.166666666666667,6.714285714285714,3.1666666666666665,2.4071428571428575,22,2,4,0,0,13,3.25,5.0,6,4,13.0,4.0
2024-11-20,5.5,5.0,6.5,6.428571428571429,6.0,6.178571428571429,4.0,3.6785714285714284,6.5,6.75,2.9,2.4035714285714285,21,2,6,0,0,19,3.1666666666666665,5.0,6,5,15.833333333333332,4.0
2024-11-21,5.166666666666667,5.107142857142857,6.166666666666667,6.321428571428571,6.0,6.107142857142857,4.0,3.7857142857142856,6.833333333333333,6.75,2.5,2.4428571428571426,20,2,7,0,0,22,3.142857142857143,5.0,6,6,18.857142857142858,4.0
2024-11-22,4.5,4.928571428571429,6.0,6.25,6.0,6.035714285714286,4.0,3.892857142857143,6.5,6.535714285714286,2.6999999999999997,2.6607142857142856,19,4,8,0,0,26,3.25,5.0,6,6,19.5,4.0
2024-11-23,4.166666666666667,4.678571428571429,6.0,6.178571428571429,6.0,6.0,4.0,3.9642857142857144,6.666666666666667,6.607142857142857,2.3666666666666667,2.5571428571428574,18,2,6,0,0,19,3.1666666666666665,5.0,6,5,15.833333333333332,4.0
2024-11-24,4.0,4.464285714285714,6.0,6.107142857142857,6.5,6.25,4.0,4.0,6.833333333333333,6.714285714285714,2.85,2.7607142857142857,17,4,6,0,0,19,3.1666666666666665,5.0,6,5,15.833333333333332,4.0
2024-11-25,4.5,4.5,5.5,5.785714285714286,6.333333333333333,6.214285714285714,4.0,4.0,7.0,6.821428571428571,3.15,2.8964285714285714,16,5,6,0,0,19,3.1666666666666665,5.0,6,5,15.833333333333332,4.0
2024-11-26,4.833333333333333,4.571428571428571,5.166666666666667,5.535714285714286,6.166666666666667,6.178571428571429,4.0,4.0,7.0,6.892857142857143,3.1999999999999997,2.9357142857142855,15,4,4,0,0,13,3.25,4.0,6,3,9.75,4.0
2024-11-27,5.0,4.678571428571429,4.5,5.107142857142857,6.0,6.142857142857143,4.0,4.0,7.0,6.928571428571429,3.266666666666667,3.0928571428571425,14,4,4,0,0,13,3.25,4.0,6,3,9.75,4.0
2024-11-28,4.0,4.285714285714286,5.166666666666667,5.25,5.5,5.857142857142857,3.5,3.75,7.5,7.214285714285714,2.6833333333333336,2.8857142857142857,13,2,2,0,0,7,3.5,4.0,6,2,7.0,3.0
2024-11-29,3.8333333333333335,4.214285714285714,5.666666666666667,5.392857142857143,6.166666666666667,6.107142857142857,3.1666666666666665,3.5357142857142856,7.833333333333333,7.464285714285714,1.9666666666666666,2.5107142857142857,12,1,1,0,0,4,4.0,4.0,6,1,4.0,3.0
2024-11-30,3.3333333333333335,3.892857142857143,6.0,5.535714285714286,6.166666666666667,6.071428571428571,3.0,3.357142857142857,8.0,7.642857142857143,1.0166666666666668,1.9464285714285712,11,0,0,0,0,0,,,6,0,,3.0
2024-12-01,2.6666666666666665,3.357142857142857,7.0,6.178571428571429,6.666666666666667,6.285714285714286,3.0,3.2142857142857144,8.0,7.785714285714286,0.9166666666666666,1.6107142857142858,10,0,0,0,0,0,,,6,0,,3.0
2024-12-02,2.6666666666666665,3.142857142857143,7.166666666666667,6.5,6.333333333333333,6.25,4.0,3.607142857142857,8.5,8.142857142857142,1.2333333333333334,1.4821428571428574,9,0,0,0,0,0,,,6,0,,5.0
2024-12-03,2.8333333333333335,3.0,7.166666666666667,6.75,6.166666666666667,6.214285714285714,4.666666666666667,3.9642857142857144,8.833333333333334,8.428571428571429,1.5166666666666668,1.417857142857143,8,0,0,0,0,0,,,6,0,,5.0
2024-12-04,3.0,2.9285714285714284,6.0,6.428571428571429,5.5,5.928571428571429,4.5,4.035714285714286,8.0,8.142857142857142,1.7000000000000002,1.4535714285714287,7,0,0,0,1,6,6.0,6.0,6,1,6.0,4.0
2024-12-05,3.0,2.9285714285714284,6.833333333333333,6.821428571428571,5.666666666666667,5.928571428571429,3.6666666666666665,3.857142857142857,7.833333333333333,8.107142857142858,2.0166666666666666,1.6714285714285713,6,0,0,0,1,6,6.0,6.0,6,1,6.0,3.0
2024-12-06,4.5,3.6785714285714284,6.5,6.642857142857143,5.333333333333333,5.642857142857143,3.6666666666666665,3.9285714285714284,6.833333333333333,7.571428571428571,2.2166666666666663,1.8821428571428573,5,0,0,0,2,12,6.0,6.0,6,2,12.0,4.0
2024-12-07,5.5,4.357142857142857,6.333333333333333,6.464285714285714,5.166666666666667,5.428571428571429,3.8333333333333335,3.9642857142857144,6.333333333333333,7.107142857142857,2.3,2.060714285714286,4,0,0,0,3,18,6.0,6.0,6,3,18.0,4.0
2024-12-08,5.0,4.428571428571429,6.5,6.535714285714286,6.0,5.75,4.5,4.214285714285714,6.5,6.964285714285714,2.65,2.346428571428571,3,0,0,1,3,18,6.0,6.0,6,3,18.0,5.0
2024-12-09,5.333333333333333,4.928571428571429,6.333333333333333,6.392857142857143,5.666666666666667,5.571428571428571,4.833333333333333,4.392857142857143,5.833333333333333,6.357142857142857,4.083333333333334,3.164285714285714,2,0,0,1,4,24,6.0,6.0,6,4,24.0,5.0
2024-12-10,6.666666666666667,5.821428571428571,6.166666666666667,6.285714285714286,5.833333333333333,5.678571428571429,5.5,4.821428571428571,4.833333333333333,5.642857142857143,5.250000000000001,3.971428571428572,1,0,0,2,4,24,6.0,6.0,6,4,24.0,6.0
2024-12-11,8.666666666666666,7.035714285714286,5.0,5.714285714285714,5.333333333333333,5.535714285714286,5.833333333333333,5.214285714285714,4.666666666666667,5.357142857142857,6.416666666666667,4.925,0,0,0,3,5,30,6.0,6.0,6,5,30.0,6.0
2024-12-12,8.666666666666666,7.5,4.833333333333333,5.428571428571429,4.666666666666667,5.142857142857143,6.5,5.785714285714286,5.333333333333333,5.392857142857143,5.95,5.214285714285714,1,0,0,2,4,24,6.0,6.0,6,4,24.0,7.0
2024-12-13,8.833333333333334,8.035714285714286,4.333333333333333,5.0,4.666666666666667,5.071428571428571,6.833333333333333,6.214285714285714,5.333333333333333,5.25,6.316666666666666,5.8,0,0,0,3,4,24,6.0,6.0,6,4,24.0,7.0
2024-12-14,8.833333333333334,8.464285714285714,4.166666666666667,4.642857142857143,4.833333333333333,5.0,7.0,6.535714285714286,5.166666666666667,5.142857142857143,6.283333333333334,6.1000000000000005,0,0,0,2,3,18,6.0,6.0,6,3,18.0,7.0
2024-12-15,9.0,8.785714285714286,4.0,4.357142857142857,5.0,4.928571428571429,7.0,6.75,5.0,5.071428571428571,6.383333333333333,6.257142857142857,1,0,0,2,2,12,6.0,6.0,6,2,12.0,7.0
2024-12-16,9.0,8.928571428571429,4.0,4.178571428571429,4.0,4.428571428571429,6.5,6.642857142857143,5.5,5.321428571428571,6.8500000000000005,6.571428571428571,0,0,0,2,2,12,6.0,6.0,6,2,12.0,6.0
2024-12-17,9.0,8.964285714285714,4.0,4.071428571428571,3.3333333333333335,4.0,6.166666666666667,6.5,5.833333333333333,5.535714285714286,7.216666666666668,6.814285714285715,1,0,0,1,1,6,6.0,6.0,6,1,6.0,6.0
2024-12-18,7.5,8.214285714285714,4.5,4.285714285714286,4.0,4.178571428571429,6.0,6.357142857142857,6.5,5.928571428571429,5.800000000000001,6.203571428571429,0,0,0,1,1,6,6.0,6.0,6,1,6.0,6.0
2024-12-19,6.0,7.357142857142857,5.833333333333333,4.964285714285714,5.166666666666667,4.607142857142857,5.5,5.964285714285714,6.833333333333333,6.25,4.033333333333333,5.346428571428572,-1,0,0,0,0,0,,,6,0,,5.0
2025-01-06,3.0,3.0,6.0,6.0,6.0,6.0,4.0,4.0,7.0,7.0,0.4000000000000001,0.4,36,0,1,0,0,2,2.0,2.0,6,1,2.0,4.0
2025-01-07,4.2,4.076923076923077,6.0,6.0,5.4,5.461538461538462,4.0,4.0,7.6,7.538461538461538,0.8200000000000001,0.776923076923077,35,1,2,0,0,5,2.5,3.0,6,2,5.0,4.0
2025-01-08,5.166666666666667,4.833333333333333,5.5,5.611111111111111,5.166666666666667,5.277777777777778,3.5,3.611111111111111,7.333333333333333,7.333333333333333,1.2833333333333332,1.1388888888888888,34,1,3,0,0,8,2.6666666666666665,3.0,6,2,5.333333333333333,3.0
2025-01-09,4.833333333333333,4.590909090909091,6.166666666666667,6.045454545454546,5.5,5.5,3.6666666666666665,3.727272727272727,6.666666666666667,6.909090909090909,1.4000000000000001,1.2,33,1,4,0,0,10,2.5,3.0,6,3,7.5,4.0
2025-01-10,4.333333333333333,4.44,6.666666666666667,6.32,5.833333333333333,5.64,3.8333333333333335,3.8,6.166666666666667,6.64,1.3666666666666665,1.24,32,1,6,0,0,14,2.3333333333333335,3.0,6,3,7.0,4.0
2025-01-11,4.5,4.592592592592593,6.5,6.2592592592592595,5.5,5.481481481481482,4.0,3.8518518518518516,6.5,6.703703703703703,0.9500000000000001,1.0888888888888888,31,1,5,0,0,12,2.4,3.0,6,3,7.199999999999999,4.0
2025-01-12,5.333333333333333,4.964285714285714,5.666666666666667,5.964285714285714,5.166666666666667,5.357142857142857,4.0,3.892857142857143,6.833333333333333,6.75,1.0166666666666666,1.1214285714285714,30,2,5,0,0,12,2.4,3.0,6,3,7.199999999999999,4.0
2025-01-13,5.333333333333333,5.035714285714286,5.166666666666667,5.714285714285714,4.5,5.0,4.0,3.9285714285714284,6.5,6.535714285714286,1.4000000000000001,1.3,29,3,5,0,0,12,2.4,3.0,6,3,7.199999999999999,4.0
2025-01-14,6.166666666666667,5.535714285714286,5.0,5.5,4.666666666666667,4.964285714285714,4.5,4.214285714285714,6.166666666666667,6.357142857142857,2.5,1.8285714285714287,28,5,5,0,0,12,2.4,3.0,6,3,7.199999999999999,5.0
2025-01-15,6.666666666666667,5.964285714285714,5.0,5.321428571428571,4.833333333333333,4.928571428571429,4.333333333333333,4.214285714285714,6.0,6.25,2.883333333333333,2.15,27,4,5,0,0,12,2.4,3.0,6,2,4.8,4.0
2025-01-16,5.5,5.607142857142857,5.0,5.142857142857143,6.0,5.392857142857143,4.166666666666667,4.178571428571429,6.5,6.428571428571429,2.733333333333333,2.3035714285714284,26,3,5,0,0,14,2.8,5.0,6,3,8.399999999999999,4.0
2025-01-17,4.5,5.25,5.0,5.035714285714286,6.666666666666667,5.821428571428571,4.0,4.142857142857143,6.833333333333333,6.571428571428571,2.483333333333333,2.417857142857143,25,2,6,0,0,18,3.0,5.0,6,4,12.0,4.0
2025-01-18,4.0,4.892857142857143,5.0,5.0,7.0,6.214285714285714,4.0,4.107142857142857,7.0,6.678571428571429,2.4,2.492857142857143,24,0,4,0,0,14,3.5,5.0,6,3,10.5,4.0
2025-01-19,4.5,4.821428571428571,5.0,5.0,6.0,6.035714285714286,4.5,4.321428571428571,6.5,6.535714285714286,2.1999999999999997,2.4035714285714285,23,1,4,0,0,14,3.5,5.0,6,3,10.5,5.0
2025-01-20,4.833333333333333,4.785714285714286,5.0,5.0,5.333333333333333,5.857142857142857,4.833333333333333,4.5,6.166666666666667,6.428571428571429,2.066666666666667,2.2857142857142856,22,2,4,0,0,14,3.5,5.0,6,3,10.5,5.0
2025-01-21,5.5,5.0,5.0,5.0,5.5,5.892857142857143,5.0,4.642857142857143,5.5,6.071428571428571,2.5500000000000003,2.435714285714286,21,4,5,0,0,17,3.4,5.0,6,4,13.6,5.0
2025-01-22,6.833333333333333,5.75,5.0,5.0,5.333333333333333,5.642857142857143,4.5,4.535714285714286,6.166666666666667,6.25,3.3166666666666664,2.7964285714285713,20,4,6,0,0,20,3.3333333333333335,5.0,6,4,13.333333333333334,4.0
2025-01-23,7.166666666666667,6.214285714285714,5.0,5.0,5.166666666666667,5.392857142857143,4.166666666666667,4.428571428571429,6.166666666666667,6.142857142857143,3.3166666666666664,2.8964285714285714,19,3,6,0,0,19,3.1666666666666665,5.0,6,5,15.833333333333332,4.0
2025-01-24,6.166666666666667,6.071428571428571,5.0,5.0,6.0,5.714285714285714,4.5,4.571428571428571,5.666666666666667,5.821428571428571,2.9,2.85,18,2,8,0,0,19,2.375,4.0,6,5,11.875,5.0
2025-01-25,4.833333333333333,5.642857142857143,4.5,4.75,6.166666666666667,5.785714285714286,4.833333333333333,4.678571428571429,6.166666666666667,6.071428571428571,2.3833333333333333,2.6999999999999997,17,1,6,0,0,13,2.1666666666666665,3.0,6,4,8.666666666666666,5.0
2025-01-26,5.166666666666667,5.714285714285714,5.166666666666667,5.035714285714286,6.166666666666667,5.892857142857143,4.5,4.5,6.666666666666667,6.321428571428571,1.5166666666666668,2.2357142857142858,16,2,6,0,0,13,2.1666666666666665,3.0,6,4,8.666666666666666,4.0
2025-01-27,4.666666666666667,5.25,4.666666666666667,4.785714285714286,5.5,5.714285714285714,4.666666666666667,4.607142857142857,6.5,6.285714285714286,1.5666666666666664,2.0892857142857144,15,3,6,0,0,13,2.1666666666666665,3.0,6,4,8.666666666666666,5.0
2025-01-28,6.333333333333333,5.821428571428571,4.333333333333333,4.571428571428571,5.166666666666667,5.535714285714286,4.833333333333333,4.714285714285714,6.666666666666667,6.5,2.4666666666666663,2.3214285714285716,14,6,6,0,0,13,2.1666666666666665,3.0,6,4,8.666666666666666,5.0
2025-01-29,6.333333333333333,5.821428571428571,4.5,4.642857142857143,5.0,5.392857142857143,5.0,4.821428571428571,6.333333333333333,6.392857142857143,2.5999999999999996,2.267857142857143,13,5,6,0,0,13,2.1666666666666665,3.0,6,3,6.5,5.0
2025-01-30,6.333333333333333,5.892857142857143,4.833333333333333,4.714285714285714,5.0,5.25,5.0,4.892857142857143,7.166666666666667,6.821428571428571,2.4333333333333336,2.2464285714285714,12,4,6,0,0,15,2.5,5.0,6,4,10.0,5.0
2025-01-31,5.0,5.5,5.5,5.035714285714286,4.5,4.857142857142857,5.0,4.928571428571429,6.666666666666667,6.678571428571429,2.216666666666667,2.253571428571429,11,3,7,0,0,19,2.7142857142857144,5.0,6,5,13.571428571428573,5.0
2025-02-01,4.333333333333333,5.142857142857143,5.333333333333333,5.071428571428571,5.166666666666667,5.071428571428571,4.5,4.714285714285714,6.333333333333333,6.5,2.1,2.2214285714285715,10,0,4,0,0,14,3.5,5.0,6,3,10.5,4.0
2025-02-02,4.5,5.035714285714286,5.666666666666667,5.321428571428571,5.166666666666667,5.035714285714286,4.166666666666667,4.535714285714286,6.0,6.357142857142857,2.3333333333333335,2.3428571428571425,9,1,4,0,0,14,3.5,5.0,6,3,10.5,4.0
2025-02-03,4.833333333333333,4.964285714285714,5.333333333333333,5.321428571428571,4.666666666666667,4.785714285714286,4.5,4.607142857142857,6.0,6.25,2.5500000000000003,2.4250000000000003,8,2,4,0,0,14,3.5,5.0,6,3,10.5,5.0
2025-02-04,5.5,5.107142857142857,5.166666666666667,5.285714285714286,4.666666666666667,4.821428571428571,4.333333333333333,4.428571428571429,6.0,6.142857142857143,2.483333333333333,2.3785714285714286,7,4,5,0,1,22,3.6666666666666665,5.0,6,4,14.666666666666666,4.0
2025-02-05,6.333333333333333,5.571428571428571,5.0,5.214285714285714,4.333333333333333,4.607142857142857,4.666666666666667,4.535714285714286,6.0,6.071428571428571,2.566666666666667,2.4714285714285715,6,4,6,0,1,25,3.5714285714285716,5.0,6,4,14.285714285714286,5.0
2025-02-06,6.833333333333333,6.0,5.0,5.142857142857143,5.166666666666667,4.928571428571429,4.833333333333333,4.642857142857143,6.5,6.25,2.683333333333333,2.5749999999999997,5,3,6,0,1,24,3.4285714285714284,5.0,6,5,17.142857142857142,5.0
2025-02-07,7.0,6.392857142857143,5.0,5.071428571428571,5.166666666666667,4.964285714285714,5.0,4.75,5.833333333333333,5.964285714285714,2.733333333333334,2.632142857142857,4,2,7,0,1,23,2.875,5.0,6,4,11.5,5.0
2025-02-08,6.5,6.428571428571429,4.5,4.785714285714286,4.666666666666667,4.714285714285714,4.5,4.607142857142857,5.333333333333333,5.714285714285714,2.3666666666666667,2.4964285714285714,3,1,5,1,1,17,2.8333333333333335,5.0,6,3,8.5,4.0
2025-02-09,5.666666666666667,6.142857142857143,4.166666666666667,4.535714285714286,4.166666666666667,4.535714285714286,4.666666666666667,4.714285714285714,5.5,5.75,2.6166666666666667,2.6107142857142853,2,2,5,1,1,17,2.8333333333333335,5.0,6,3,8.5,5.0
2025-02-10,6.166666666666667,6.357142857142857,4.5,4.607142857142857,3.5,4.142857142857143,5.333333333333333,5.035714285714286,6.333333333333333,6.035714285714286,3.4333333333333336,3.0107142857142857,1,3,5,1,1,17,2.8333333333333335,5.0,6,3,8.5,6.0
2025-02-11,7.166666666666667,6.75,4.833333333333333,4.678571428571429,4.166666666666667,4.285714285714286,5.833333333333333,5.321428571428571,6.333333333333333,6.035714285714286,4.3999999999999995,3.5571428571428574,0,5,5,1,1,17,2.8333333333333335,5.0,6,3,8.5,6.0
2025-02-12,6.833333333333333,6.571428571428571,5.0,4.75,5.166666666666667,4.678571428571429,5.5,5.285714285714286,6.666666666666667,6.285714285714286,3.6166666666666667,3.382142857142857,12,4,5,0,0,12,2.4,3.0,6,2,4.8,5.0
2025-02-13,5.833333333333333,6.178571428571429,5.5,5.071428571428571,5.333333333333333,4.75,4.666666666666667,5.0,6.333333333333333,6.25,2.716666666666667,3.1142857142857143,11,3,5,0,0,14,2.8,5.0,6,3,8.399999999999999,4.0
2025-02-14,5.166666666666667,5.857142857142857,5.833333333333333,5.357142857142857,5.166666666666667,4.857142857142857,4.166666666666667,4.75,6.166666666666667,6.25,2.1666666666666665,2.8714285714285714,10,2,6,0,0,18,3.0,5.0,6,4,12.0,4.0
2025-02-15,4.5,5.357142857142857,6.5,5.857142857142857,6.0,5.464285714285714,4.0,4.535714285714286,6.5,6.464285714285714,1.2000000000000002,2.2,9,0,4,0,0,14,3.5,5.0,6,3,10.5,4.0
2025-02-16,5.166666666666667,5.428571428571429,6.333333333333333,6.0,5.166666666666667,5.214285714285714,4.0,4.321428571428571,6.833333333333333,6.607142857142857,1.7,2.1392857142857142,8,1,4,0,0,14,3.5,5.0,6,3,10.5,4.0
2025-02-17,6.166666666666667,5.714285714285714,5.666666666666667,5.821428571428571,5.5,5.464285714285714,4.5,4.392857142857143,7.0,6.714285714285714,2.733333333333334,2.396428571428572,7,2,4,0,1,19,3.8,5.0,6,4,15.2,5.0
2025-02-18,6.333333333333333,5.75,5.166666666666667,5.642857142857143,5.166666666666667,5.357142857142857,5.333333333333333,4.75,6.5,6.571428571428571,3.35,2.5964285714285715,6,4,5,0,1,22,3.6666666666666665,5.0,6,5,18.333333333333332,6.0
2025-02-19,6.666666666666667,6.107142857142857,4.5,5.214285714285714,5.166666666666667,5.25,5.333333333333333,4.857142857142857,5.666666666666667,6.178571428571429,3.85,3.0535714285714284,5,4,6,0,2,30,3.75,5.0,6,5,18.75,5.0
2025-02-20,6.833333333333333,6.428571428571429,5.166666666666667,5.321428571428571,5.5,5.428571428571429,5.666666666666667,5.214285714285714,5.666666666666667,6.107142857142857,4.716666666666667,3.775,4,3,6,0,2,29,3.625,5.0,6,5,18.125,6.0
2025-02-21,7.0,6.678571428571429,5.166666666666667,5.178571428571429,4.833333333333333,5.071428571428571,5.833333333333333,5.5,5.833333333333333,6.035714285714286,4.783333333333333,4.125,3,2,8,1,2,29,2.9,5.0,6,5,14.5,6.0
2025-02-22,7.5,7.107142857142857,5.666666666666667,5.321428571428571,5.333333333333333,5.25,5.5,5.464285714285714,5.5,5.714285714285714,3.6666666666666665,3.8892857142857147,2,1,6,1,2,23,2.875,5.0,6,4,11.5,5.0
2025-02-23,7.833333333333333,7.392857142857143,5.333333333333333,5.25,4.666666666666667,4.964285714285714,6.166666666666667,5.892857142857143,5.666666666666667,5.714285714285714,3.983333333333333,4.1499999999999995,1,2,6,2,2,23,2.875,5.0,6,4,11.5,7.0
2025-02-24,8.0,7.607142857142857,5.166666666666667,5.214285714285714,4.333333333333333,4.678571428571429,6.666666666666667,6.214285714285714,5.833333333333333,5.75,4.416666666666667,4.328571428571428,0,3,6,2,3,29,3.2222222222222223,6.0,6,5,16.11111111111111,7.0
2025-02-25,8.5,8.035714285714286,4.5,4.928571428571429,4.0,4.464285714285714,6.5,6.214285714285714,5.5,5.571428571428571,5.3999999999999995,4.767857142857143,1,6,6,1,2,24,3.0,6.0,6,5,15.0,6.0
2025-02-26,8.833333333333334,8.357142857142858,4.166666666666667,4.678571428571429,4.5,4.535714285714286,6.166666666666667,6.214285714285714,4.666666666666667,5.178571428571429,5.650000000000001,5.039285714285714,0,5,6,1,2,24,3.0,6.0,6,4,12.0,6.0
2025-02-27,8.0,8.107142857142858,4.0,4.428571428571429,3.8333333333333335,4.107142857142857,6.0,6.178571428571429,4.666666666666667,5.071428571428571,5.05,4.9071428571428575,4,4,6,0,2,27,3.375,6.0,6,5,16.875,6.0
2025-02-28,7.833333333333333,8.107142857142858,4.0,4.25,3.3333333333333335,3.7857142857142856,6.0,6.142857142857143,5.333333333333333,5.25,4.783333333333333,4.942857142857143,3,3,7,1,2,31,3.4444444444444446,6.0,6,5,17.22222222222222,6.0
2025-03-01,7.833333333333333,8.071428571428571,4.5,4.357142857142857,4.0,4.0,6.0,6.107142857142857,5.833333333333333,5.428571428571429,4.266666666666667,4.742857142857143,2,0,4,1,2,26,4.333333333333333,6.0,6,3,13.0,6.0
2025-03-02,8.5,8.285714285714286,3.8333333333333335,4.0,3.6666666666666665,3.75,6.5,6.285714285714286,5.0,5.071428571428571,4.95,4.942857142857143,1,1,4,1,2,26,4.333333333333333,6.0,6,3,13.0,7.0
2025-03-03,9.333333333333334,8.714285714285714,3.8333333333333335,3.9642857142857144,3.3333333333333335,3.5357142857142856,6.833333333333333,6.464285714285714,5.333333333333333,5.285714285714286,6.2,5.510714285714286,0,2,4,2,2,26,4.333333333333333,6.0,6,3,13.0,7.0
2025-03-04,9.333333333333334,8.821428571428571,4.333333333333333,4.214285714285714,3.5,3.607142857142857,6.5,6.392857142857143,5.166666666666667,5.25,5.933333333333334,5.439285714285714,2,4,5,1,1,23,3.8333333333333335,6.0,6,4,15.333333333333334,6.0
2025-03-05,9.166666666666666,8.928571428571429,4.333333333333333,4.178571428571429,3.3333333333333335,3.4285714285714284,6.166666666666667,6.321428571428571,5.166666666666667,5.214285714285714,5.616666666666667,5.4750000000000005,1,4,6,1,1,26,3.7142857142857144,6.0,6,4,14.857142857142858,6.0
2025-03-06,9.0,9.035714285714286,4.166666666666667,4.142857142857143,3.1666666666666665,3.3214285714285716,6.0,6.25,5.0,5.142857142857143,5.3500000000000005,5.521428571428572,0,3,6,1,1,25,3.5714285714285716,6.0,6,5,17.857142857142858,6.0
2025-03-07,7.5,8.321428571428571,4.0,4.107142857142857,4.5,3.9642857142857144,6.0,6.178571428571429,6.0,5.571428571428571,4.7,5.178571428571429,11,2,7,0,0,18,2.5714285714285716,4.0,6,4,10.285714285714286,6.0
2025-03-08,6.0,7.428571428571429,4.5,4.321428571428571,4.5,4.0,5.5,5.857142857142857,7.166666666666667,6.214285714285714,3.3333333333333335,4.414285714285715,10,1,5,0,0,12,2.4,3.0,6,3,7.199999999999999,5.0
2025-03-09,5.166666666666667,6.642857142857143,4.833333333333333,4.535714285714286,4.833333333333333,4.321428571428571,4.666666666666667,5.321428571428571,6.833333333333333,6.285714285714286,2.75,3.8357142857142863,9,2,5,0,0,12,2.4,3.0,6,3,7.199999999999999,4.0
2025-03-10,5.0,6.0,5.5,4.928571428571429,5.333333333333333,4.821428571428571,4.666666666666667,5.142857142857143,6.833333333333333,6.535714285714286,3.116666666666667,3.6142857142857148,8,3,5,0,0,12,2.4,3.0,6,3,7.199999999999999,5.0
2025-03-11,6.0,6.035714285714286,4.833333333333333,4.75,4.833333333333333,4.714285714285714,5.333333333333333,5.285714285714286,6.833333333333333,6.75,3.3333333333333335,3.4214285714285713,7,5,5,0,1,17,2.8333333333333335,5.0,6,3,8.5,6.0
2025-03-12,6.166666666666667,5.892857142857143,4.833333333333333,4.857142857142857,4.833333333333333,4.857142857142857,5.833333333333333,5.428571428571429,6.0,6.392857142857143,3.566666666666667,3.392857142857143,6,4,5,0,1,17,2.8333333333333335,5.0,6,3,8.5,6.0
2025-03-13,6.166666666666667,5.857142857142857,4.833333333333333,4.928571428571429,4.833333333333333,4.928571428571429,6.0,5.571428571428571,5.833333333333333,6.285714285714286,2.983333333333333,3.1,5,3,5,0,1,19,3.1666666666666665,5.0,6,4,12.666666666666666,6.0
2025-03-14,6.0,5.928571428571429,5.0,4.964285714285714,4.5,4.678571428571429,6.0,5.714285714285714,6.333333333333333,6.392857142857143,2.9166666666666665,3.0642857142857145,4,2,6,0,1,23,3.2857142857142856,5.0,6,5,16.428571428571427,6.0
2025-03-15,5.5,5.75,5.0,4.964285714285714,4.166666666666667,4.5,6.0,5.857142857142857,6.333333333333333,6.25,2.9,3.064285714285714,3,0,4,1,1,19,3.8,5.0,6,4,15.2,6.0
2025-03-16,5.166666666666667,5.571428571428571,5.0,4.964285714285714,4.0,4.321428571428571,6.0,5.964285714285714,6.166666666666667,6.178571428571429,3.0,3.0357142857142856,2,1,4,1,1,19,3.8,5.0,6,4,15.2,6.0
2025-03-17,6.5,6.142857142857143,4.5,4.714285714285714,3.5,3.9285714285714284,6.5,6.25,6.0,6.107142857142857,3.5499999999999994,3.2714285714285714,1,2,4,1,1,19,3.8,5.0,6,4,15.2,7.0
2025-03-18,8.5,7.107142857142857,4.166666666666667,4.535714285714286,3.1666666666666665,3.642857142857143,6.833333333333333,6.464285714285714,6.5,6.321428571428571,4.716666666666667,3.892857142857143,0,4,5,1,1,22,3.6666666666666665,5.0,6,4,14.666666666666666,7.0
2025-03-19,8.666666666666666,7.464285714285714,4.5,4.607142857142857,4.0,3.892857142857143,7.0,6.642857142857143,6.333333333333333,6.285714285714286,4.033333333333333,3.728571428571428,20,4,6,0,0,20,3.3333333333333335,5.0,6,4,13.333333333333334,7.0
2025-03-20,7.333333333333333,7.25,4.333333333333333,4.428571428571429,4.666666666666667,4.142857142857143,6.0,6.285714285714286,6.166666666666667,6.214285714285714,3.8166666666666664,3.8178571428571426,19,3,6,0,0,19,3.1666666666666665,5.0,6,5,15.833333333333332,5.0
2025-03-21,6.833333333333333,7.285714285714286,4.166666666666667,4.285714285714286,5.0,4.392857142857143,5.833333333333333,6.214285714285714,6.5,6.392857142857143,3.15,3.6071428571428568,18,2,8,0,0,19,2.375,4.0,6,5,11.875,6.0
2025-03-22,5.833333333333333,6.785714285714286,5.0,4.678571428571429,5.5,4.857142857142857,5.833333333333333,6.142857142857143,6.833333333333333,6.571428571428571,2.3166666666666664,3.0785714285714283,17,1,6,0,0,13,2.1666666666666665,3.0,6,4,8.666666666666666,6.0
2025-03-23,5.333333333333333,6.285714285714286,5.666666666666667,5.035714285714286,5.833333333333333,5.25,6.0,6.071428571428571,7.0,6.714285714285714,1.7166666666666668,2.6035714285714286,16,2,6,0,0,13,2.1666666666666665,3.0,6,4,8.666666666666666,6.0
2025-03-24,5.5,6.035714285714286,5.5,5.107142857142857,6.0,5.571428571428571,6.0,6.0,6.0,6.321428571428571,2.1,2.482142857142857,15,3,6,0,0,13,2.1666666666666665,3.0,6,4,8.666666666666666,6.0
2025-03-25,6.333333333333333,6.107142857142857,4.666666666666667,4.892857142857143,5.5,5.535714285714286,6.0,5.964285714285714,6.333333333333333,6.464285714285714,2.25,2.2857142857142856,14,6,6,0,0,13,2.1666666666666665,3.0,6,4,8.666666666666666,6.0
2025-03-26,6.833333333333333,6.285714285714286,4.166666666666667,4.678571428571429,5.666666666666667,5.678571428571429,6.5,6.214285714285714,5.666666666666667,6.107142857142857,2.4333333333333336,2.289285714285714,13,5,6,0,0,13,2.1666666666666665,3.0,6,3,6.5,7.0
2025-03-27,6.5,6.25,5.0,5.0,5.833333333333333,5.785714285714286,5.833333333333333,5.964285714285714,5.833333333333333,6.035714285714286,2.3000000000000003,2.232142857142857,12,4,6,0,0,15,2.5,5.0,6,4,10.0,5.0
2025-03-28,5.166666666666667,5.714285714285714,5.166666666666667,5.0,5.5,5.607142857142857,6.333333333333333,6.214285714285714,6.333333333333333,6.214285714285714,2.5000000000000004,2.3571428571428577,11,3,7,0,0,19,2.7142857142857144,5.0,6,5,13.571428571428573,7.0
2025-03-29,4.333333333333333,5.285714285714286,5.166666666666667,4.964285714285714,5.166666666666667,5.428571428571429,6.666666666666667,6.428571428571429,6.833333333333333,6.392857142857143,2.616666666666667,2.485714285714286,10,0,4,0,0,14,3.5,5.0,6,3,10.5,7.0
2025-03-30,4.0,4.892857142857143,5.0,4.964285714285714,5.0,5.285714285714286,7.0,6.607142857142857,7.0,6.571428571428571,2.7000000000000006,2.571428571428572,9,1,4,0,0,14,3.5,5.0,6,3,10.5,7.0
2025-03-31,5.0,5.035714285714286,5.0,5.0,5.5,5.428571428571429,6.5,6.5,6.5,6.5,2.1500000000000004,2.3392857142857144,8,2,4,0,0,14,3.5,5.0,6,3,10.5,6.0
2025-04-01,6.166666666666667,5.428571428571429,5.0,5.035714285714286,5.333333333333333,5.321428571428571,6.666666666666667,6.642857142857143,5.166666666666667,5.892857142857143,2.5833333333333335,2.5464285714285717,7,4,4,0,1,16,3.2,5.0,6,4,12.8,7.0
2025-04-02,6.833333333333333,5.821428571428571,5.0,5.035714285714286,4.666666666666667,4.964285714285714,6.833333333333333,6.75,5.333333333333333,5.892857142857143,2.8833333333333333,2.692857142857143,6,4,5,0,1,19,3.1666666666666665,5.0,6,4,12.666666666666666,7.0
2025-04-03,6.5,5.964285714285714,4.5,4.75,4.166666666666667,4.678571428571429,7.5,7.107142857142857,5.666666666666667,5.857142857142857,3.516666666666667,3.017857142857143,5,3,4,0,1,16,3.2,5.0,6,4,12.8,8.0
2025-04-04,6.166666666666667,6.107142857142857,3.6666666666666665,4.285714285714286,4.0,4.464285714285714,6.833333333333333,6.857142857142857,6.0,5.821428571428571,3.0666666666666664,2.932142857142857,4,2,3,0,1,11,2.75,4.0,6,3,8.25,6.0
2025-04-05,5.5,5.928571428571429,3.6666666666666665,4.142857142857143,4.0,4.285714285714286,6.333333333333333,6.642857142857143,6.0,5.821428571428571,1.5333333333333334,2.253571428571429,3,0,1,1,2,11,3.6666666666666665,6.0,6,3,11.0,6.0
2025-04-06,5.666666666666667,5.964285714285714,3.8333333333333335,4.035714285714286,4.0,4.142857142857143,7.0,6.964285714285714,6.5,6.107142857142857,1.05,1.9428571428571428,2,1,1,1,2,11,3.6666666666666665,6.0,6,3,11.0,8.0
2025-04-07,6.333333333333333,6.178571428571429,4.5,4.214285714285714,4.0,4.035714285714286,7.666666666666667,7.25,6.833333333333333,6.392857142857143,1.6166666666666665,1.9857142857142855,1,1,1,1,3,17,4.25,6.0,6,4,17.0,8.0
2025-04-08,6.833333333333333,6.357142857142857,4.833333333333333,4.392857142857143,4.0,4.0,8.0,7.464285714285714,7.0,6.642857142857143,2.1999999999999997,2.0,0,1,1,1,4,23,4.6,6.0,6,5,23.0,8.0
2025-04-09,7.5,6.785714285714286,4.0,4.071428571428571,4.0,4.0,8.5,7.892857142857143,5.5,6.035714285714286,3.5500000000000003,2.617857142857143,3,1,1,1,4,27,5.4,6.0,6,4,21.6,9.0
2025-04-10,8.333333333333334,7.428571428571429,3.8333333333333335,4.071428571428571,3.5,3.75,8.833333333333334,8.25,5.5,6.0,4.366666666666666,3.2035714285714287,2,0,0,1,4,24,6.0,6.0,6,4,24.0,9.0
2025-04-11,8.833333333333334,7.964285714285714,3.8333333333333335,4.071428571428571,3.1666666666666665,3.5357142857142856,9.0,8.571428571428571,5.666666666666667,5.964285714285714,4.783333333333333,3.7571428571428567,1,0,0,2,4,24,6.0,6.0,6,4,24.0,9.0
2025-04-12,9.5,8.642857142857142,4.0,4.035714285714286,3.0,3.357142857142857,9.0,8.785714285714286,5.0,5.428571428571429,6.3999999999999995,5.028571428571429,0,0,0,3,4,24,6.0,6.0,6,4,24.0,9.0
2025-04-13,9.833333333333334,9.142857142857142,4.0,4.0,3.0,3.2142857142857144,9.0,8.892857142857142,4.333333333333333,4.964285714285714,7.466666666666666,6.017857142857143,1,0,0,3,3,18,6.0,6.0,6,3,18.0,9.0
2025-04-14,10.0,9.5,3.5,3.7142857142857144,3.0,3.107142857142857,9.5,9.214285714285714,4.0,4.607142857142857,8.0,6.764285714285714,0,0,0,3,3,18,6.0,6.0,6,3,18.0,10.0
2025-04-15,10.0,9.75,3.1666666666666665,3.5,3.0,3.0357142857142856,9.833333333333334,9.464285714285714,4.0,4.357142857142857,7.45,7.035714285714286,0,0,0,2,2,12,6.0,6.0,6,2,12.0,10.0
2025-04-16,9.0,9.392857142857142,3.0,3.357142857142857,3.5,3.25,9.0,9.142857142857142,5.0,4.714285714285714,5.933333333333334,6.571428571428571,0,0,0,1,1,6,6.0,6.0,6,1,6.0,8.0
2025-04-17,7.833333333333333,8.785714285714286,4.0,3.7142857142857144,4.333333333333333,3.7142857142857144,8.333333333333334,8.857142857142858,5.666666666666667,5.0,4.233333333333333,5.735714285714286,7,0,0,0,1,6,6.0,6.0,6,1,6.0,8.0
2025-04-18,6.666666666666667,8.0,4.166666666666667,3.7857142857142856,4.833333333333333,4.107142857142857,8.5,8.857142857142858,5.5,5.035714285714286,3.9499999999999997,5.260714285714285,6,0,0,0,1,6,6.0,6.0,6,1,6.0,9.0
2025-04-19,6.166666666666667,7.321428571428571,4.166666666666667,3.857142857142857,5.0,4.428571428571429,8.833333333333334,8.857142857142858,5.166666666666667,5.107142857142857,4.1,4.803571428571429,5,0,0,0,1,6,6.0,6.0,6,1,6.0,9.0
2025-04-20,6.0,6.785714285714286,4.0,3.9285714285714284,5.0,4.678571428571429,9.0,8.857142857142858,5.0,5.142857142857143,4.3,4.478571428571429,4,0,0,0,1,6,6.0,6.0,6,1,6.0,9.0
2025-04-21,7.0,6.892857142857143,4.0,4.0,4.0,4.357142857142857,9.0,8.857142857142858,5.0,5.142857142857143,3.9499999999999997,4.110714285714286,3,0,0,1,1,6,6.0,6.0,6,1,6.0,9.0
2025-04-22,7.666666666666667,7.071428571428571,4.0,4.035714285714286,3.3333333333333335,4.035714285714286,9.0,8.892857142857142,5.0,5.107142857142857,3.716666666666667,3.9,2,0,0,1,1,6,6.0,6.0,6,1,6.0,9.0
2025-04-23,8.0,7.321428571428571,3.5,3.7857142857142856,3.5,3.9642857142857144,9.0,8.964285714285714,5.0,5.035714285714286,4.15,4.082142857142857,1,0,0,1,1,6,6.0,6.0,6,1,6.0,9.0
2025-04-24,8.5,7.821428571428571,3.6666666666666665,3.7857142857142856,3.3333333333333335,3.642857142857143,9.0,9.0,5.0,5.0,5.316666666666666,4.660714285714286,0,0,0,1,1,6,6.0,6.0,6,1,6.0,9.0
2025-04-25,8.833333333333334,8.25,3.8333333333333335,3.8214285714285716,3.1666666666666665,3.392857142857143,9.0,9.0,5.0,5.0,6.033333333333334,5.125,-1,0,0,0,0,0,,,6,0,,9.0
2026-01-05,6.0,6.0,6.0,6.0,5.0,5.0,4.0,4.0,8.0,8.0,1.8999999999999997,1.9,36,1,2,0,0,6,3.0,5.0,4,2,6.0,4.0
2026-01-06,6.6,6.538461538461538,5.4,5.461538461538462,4.4,4.461538461538462,4.6,4.538461538461538,7.4,7.461538461538462,1.9600000000000002,1.9538461538461538,35,1,2,0,0,6,3.0,5.0,4,2,6.0,5.0
2026-01-07,6.833333333333333,6.722222222222222,5.166666666666667,5.277777777777778,4.166666666666667,4.277777777777778,4.833333333333333,4.722222222222222,7.166666666666667,7.277777777777778,2.5333333333333337,2.4000000000000004,34,1,2,0,0,6,3.0,5.0,4,2,6.0,5.0
2026-01-08,6.5,6.5,5.0,5.181818181818182,4.0,4.181818181818182,5.0,4.818181818181818,7.0,7.181818181818182,2.6666666666666665,2.472727272727273,33,2,2,0,0,6,3.0,5.0,4,2,6.0,5.0
2026-01-09,5.666666666666667,6.08,5.0,5.12,4.5,4.4,4.5,4.6,7.0,7.12,1.6833333333333336,1.96,32,1,1,0,0,1,1.0,1.0,4,1,1.0,4.0
2026-01-10,4.666666666666667,5.518518518518518,5.5,5.333333333333333,5.333333333333333,4.814814814814815,4.666666666666667,4.703703703703703,7.5,7.333333333333333,0.9833333333333333,1.6185185185185187,31,1,1,0,0,1,1.0,1.0,4,1,1.0,5.0
2026-01-11,4.166666666666667,5.071428571428571,5.833333333333333,5.5,5.833333333333333,5.142857142857143,4.833333333333333,4.785714285714286,7.833333333333333,7.5,0.6833333333333332,1.3464285714285713,30,1,2,0,0,2,1.0,1.0,4,1,1.0,5.0
2026-01-12,4.5,4.928571428571429,6.0,5.642857142857143,5.5,5.178571428571429,4.5,4.607142857142857,8.0,7.642857142857143,1.0,1.257142857142857,29,0,1,0,0,1,1.0,1.0,4,1,1.0,4.0
2026-01-13,4.833333333333333,4.821428571428571,5.5,5.535714285714286,5.666666666666667,5.464285714285714,4.666666666666667,4.678571428571429,7.5,7.535714285714286,1.3,1.2392857142857143,28,0,1,0,0,1,1.0,1.0,4,1,1.0,5.0
2026-01-14,4.5,4.535714285714286,5.166666666666667,5.428571428571429,5.333333333333333,5.428571428571429,4.833333333333333,4.75,7.166666666666667,7.428571428571429,1.8166666666666667,1.4142857142857144,27,0,1,0,0,1,1.0,1.0,4,1,1.0,5.0
2026-01-15,4.666666666666667,4.607142857142857,5.0,5.321428571428571,4.666666666666667,5.107142857142857,5.0,4.821428571428571,7.0,7.321428571428571,1.4833333333333334,1.3214285714285714,26,1,3,0,0,10,3.3333333333333335,5.0,4,2,6.666666666666667,5.0
2026-01-16,5.333333333333333,4.964285714285714,4.5,4.964285714285714,4.666666666666667,5.035714285714286,5.0,4.892857142857143,7.0,7.214285714285714,1.3500000000000003,1.3607142857142858,25,1,4,0,0,12,3.0,5.0,4,3,9.0,5.0
2026-01-17,6.333333333333333,5.535714285714286,4.166666666666667,4.642857142857143,4.333333333333333,4.714285714285714,5.0,4.928571428571429,6.5,6.857142857142857,1.3499999999999999,1.4250000000000003,24,1,4,0,0,12,3.0,5.0,4,3,9.0,5.0
2026-01-18,5.833333333333333,5.5,4.0,4.392857142857143,4.166666666666667,4.464285714285714,5.0,4.964285714285714,6.666666666666667,6.821428571428571,1.4666666666666668,1.4607142857142856,23,1,5,0,0,13,2.6,5.0,4,3,7.800000000000001,5.0
2026-01-19,6.833333333333333,6.178571428571429,4.5,4.464285714285714,4.5,4.535714285714286,5.0,5.0,5.833333333333333,6.321428571428571,1.8999999999999997,1.667857142857143,22,2,4,0,0,12,3.0,5.0,4,3,9.0,5.0
2026-01-20,7.5,6.75,4.333333333333333,4.321428571428571,4.333333333333333,4.357142857142857,5.5,5.25,6.333333333333333,6.428571428571429,2.1666666666666665,1.8392857142857142,21,3,4,0,0,12,3.0,5.0,4,3,9.0,6.0
2026-01-21,9.0,7.714285714285714,4.166666666666667,4.214285714285714,4.166666666666667,4.25,5.333333333333333,5.214285714285714,6.166666666666667,6.285714285714286,3.0,2.332142857142857,20,3,4,0,0,12,3.0,5.0,4,3,9.0,5.0
2026-01-22,9.166666666666666,8.214285714285714,4.0,4.142857142857143,3.5,3.9285714285714284,5.666666666666667,5.428571428571429,6.166666666666667,6.178571428571429,3.3166666666666664,2.6964285714285716,19,4,4,0,0,12,3.0,5.0,4,3,9.0,6.0
2026-01-23,8.166666666666666,8.071428571428571,4.0,4.107142857142857,4.166666666666667,4.142857142857143,5.333333333333333,5.357142857142857,6.5,6.357142857142857,3.0,2.75,18,2,4,0,0,8,2.0,3.0,4,4,8.0,5.0
2026-01-24,6.833333333333333,7.642857142857143,4.5,4.321428571428571,4.166666666666667,4.107142857142857,5.166666666666667,5.285714285714286,5.833333333333333,6.035714285714286,2.4,2.6357142857142857,17,1,3,0,0,6,2.0,3.0,4,3,6.0,5.0
2026-01-25,6.166666666666667,7.25,4.833333333333333,4.5,4.666666666666667,4.321428571428571,5.0,5.214285714285714,6.333333333333333,6.25,1.8833333333333335,2.4035714285714285,16,1,4,0,0,7,1.75,3.0,4,3,5.25,5.0
2026-01-26,6.0,6.821428571428571,5.0,4.642857142857143,4.833333333333333,4.5,5.5,5.392857142857143,6.166666666666667,6.214285714285714,2.5666666666666664,2.617857142857143,15,0,3,0,0,6,2.0,3.0,4,3,6.0,6.0
2026-01-27,6.5,6.714285714285714,5.5,5.035714285714286,4.0,4.178571428571429,5.333333333333333,5.285714285714286,6.166666666666667,6.142857142857143,2.5,2.492857142857143,14,2,3,0,0,6,2.0,3.0,4,3,6.0,5.0
2026-01-28,6.833333333333333,6.642857142857143,5.333333333333333,5.107142857142857,4.333333333333333,4.392857142857143,5.166666666666667,5.214285714285714,6.5,6.357142857142857,2.6500000000000004,2.4964285714285714,13,2,3,0,0,6,2.0,3.0,4,3,6.0,5.0
2026-01-29,7.0,6.678571428571429,5.166666666666667,5.142857142857143,4.166666666666667,4.321428571428571,5.0,5.142857142857143,6.833333333333333,6.535714285714286,2.9166666666666665,2.685714285714286,12,3,4,0,0,11,2.75,5.0,4,3,8.25,5.0
2026-01-30,7.0,6.785714285714286,4.5,4.892857142857143,4.166666666666667,4.214285714285714,5.5,5.357142857142857,6.5,6.428571428571429,3.1999999999999997,2.8785714285714286,11,3,4,0,0,11,2.75,5.0,4,3,8.25,6.0
2026-01-31,7.0,6.892857142857143,4.166666666666667,4.642857142857143,4.0,4.142857142857143,5.833333333333333,5.535714285714286,6.166666666666667,6.357142857142857,3.2999999999999994,3.0428571428571423,10,1,2,0,0,6,3.0,5.0,4,2,6.0,6.0
2026-02-01,7.0,6.964285714285714,5.0,4.928571428571429,4.5,4.321428571428571,6.0,5.678571428571429,6.0,6.25,3.4,3.210714285714286,9,1,3,0,0,7,2.3333333333333335,5.0,4,2,4.666666666666667,6.0
2026-02-02,7.0,7.0,4.666666666666667,4.678571428571429,4.833333333333333,4.5,5.5,5.535714285714286,6.0,6.178571428571429,3.3666666666666667,3.2607142857142857,8,1,2,0,0,6,3.0,5.0,4,2,6.0,5.0
2026-02-03,7.0,7.0,4.333333333333333,4.464285714285714,5.0,4.678571428571429,5.166666666666667,5.428571428571429,6.0,6.107142857142857,3.3333333333333335,3.3142857142857136,7,1,2,0,1,9,3.0,5.0,4,2,6.0,5.0
2026-02-04,6.5,6.75,3.5,4.071428571428571,5.0,4.785714285714286,5.5,5.571428571428571,6.5,6.285714285714286,3.5,3.4285714285714284,6,1,2,0,1,9,3.0,5.0,4,2,6.0,6.0
2026-02-05,6.666666666666667,6.785714285714286,4.166666666666667,4.25,4.5,4.642857142857143,5.833333333333333,5.678571428571429,5.833333333333333,5.964285714285714,3.783333333333333,3.582142857142857,5,2,3,0,1,13,3.25,5.0,4,2,6.5,6.0
2026-02-06,6.833333333333333,6.821428571428571,3.6666666666666665,3.9285714285714284,5.166666666666667,5.0,6.0,5.75,5.333333333333333,5.714285714285714,3.15,3.310714285714286,4,1,3,0,1,13,3.25,5.0,4,3,9.75,6.0
2026-02-07,7.0,6.857142857142857,4.833333333333333,4.392857142857143,4.166666666666667,4.535714285714286,6.0,5.821428571428571,5.5,5.75,3.1166666666666667,3.296428571428571,3,1,3,1,1,13,3.25,5.0,4,3,9.75,6.0
2026-02-08,6.5,6.642857142857143,5.0,4.535714285714286,3.5,4.107142857142857,5.5,5.642857142857143,5.833333333333333,5.785714285714286,3.6,3.507142857142857,2,1,4,1,1,14,2.8,5.0,4,3,8.399999999999999,5.0
2026-02-09,7.166666666666667,6.964285714285714,4.166666666666667,4.214285714285714,4.0,4.25,6.166666666666667,6.0,5.5,5.571428571428571,4.0,3.6678571428571423,1,1,3,1,1,13,3.25,5.0,4,3,9.75,7.0
2026-02-10,7.666666666666667,7.25,3.8333333333333335,4.178571428571429,4.166666666666667,4.142857142857143,6.666666666666667,6.285714285714286,5.666666666666667,5.642857142857143,4.616666666666666,4.049999999999999,0,2,3,1,1,13,3.25,5.0,4,3,9.75,7.0
2026-02-11,8.0,7.5,3.8333333333333335,4.142857142857143,4.166666666666667,4.071428571428571,6.5,6.25,5.333333333333333,5.464285714285714,4.633333333333333,4.2178571428571425,20,2,3,0,0,10,3.3333333333333335,5.0,4,3,10.0,6.0
2026-02-12,7.5,7.428571428571429,4.5,4.321428571428571,4.5,4.285714285714286,6.166666666666667,6.214285714285714,5.666666666666667,5.607142857142857,4.7,4.4071428571428575,19,3,4,0,0,15,3.75,5.0,4,3,11.25,6.0
2026-02-13,7.166666666666667,7.357142857142857,4.833333333333333,4.5,4.333333333333333,4.214285714285714,7.0,6.678571428571429,5.833333333333333,5.714285714285714,4.916666666666667,4.696428571428571,18,2,4,0,0,15,3.75,5.0,4,3,11.25,8.0
2026-02-14,6.0,6.785714285714286,4.5,4.357142857142857,4.666666666666667,4.464285714285714,6.166666666666667,6.321428571428571,6.0,5.785714285714286,3.6666666666666665,4.160714285714286,17,1,3,0,0,10,3.3333333333333335,5.0,4,2,6.666666666666667,5.0
2026-02-15,5.833333333333333,6.535714285714286,4.166666666666667,4.285714285714286,4.833333333333333,4.642857142857143,6.0,6.25,6.0,5.857142857142857,2.6833333333333336,3.6107142857142853,16,1,4,0,0,11,2.75,5.0,4,2,5.5,6.0
2026-02-16,5.833333333333333,6.285714285714286,5.0,4.75,4.5,4.5,5.333333333333333,5.892857142857143,6.5,6.178571428571429,2.4333333333333336,3.2857142857142856,15,1,3,0,0,10,3.3333333333333335,5.0,4,2,6.666666666666667,5.0
2026-02-17,6.0,6.107142857142857,4.666666666666667,4.607142857142857,4.666666666666667,4.642857142857143,5.666666666666667,5.857142857142857,6.333333333333333,6.178571428571429,3.0500000000000003,3.235714285714286,14,2,3,0,0,10,3.3333333333333335,5.0,4,2,6.666666666666667,6.0
2026-02-18,6.5,6.25,4.333333333333333,4.464285714285714,4.333333333333333,4.5,5.833333333333333,5.857142857142857,5.666666666666667,5.928571428571429,3.6,3.314285714285714,13,2,3,0,0,10,3.3333333333333335,5.0,4,2,6.666666666666667,6.0
2026-02-19,6.833333333333333,6.428571428571429,4.0,4.321428571428571,4.666666666666667,4.607142857142857,6.5,6.107142857142857,6.166666666666667,6.178571428571429,3.2999999999999994,3.1392857142857147,12,3,3,0,0,10,3.3333333333333335,5.0,4,2,6.666666666666667,7.0
2026-02-20,6.5,6.357142857142857,4.5,4.464285714285714,4.833333333333333,4.714285714285714,6.333333333333333,6.071428571428571,6.166666666666667,6.142857142857143,2.4833333333333334,2.782142857142857,11,2,3,0,0,7,2.3333333333333335,4.0,4,3,7.0,6.0
2026-02-21,5.166666666666667,5.821428571428571,5.333333333333333,4.857142857142857,5.5,5.035714285714286,5.166666666666667,5.607142857142857,6.666666666666667,6.357142857142857,1.4166666666666667,2.2714285714285714,10,1,2,0,0,3,1.5,2.0,4,2,3.0,4.0
2026-02-22,5.333333333333333,5.821428571428571,5.333333333333333,4.928571428571429,4.833333333333333,4.821428571428571,5.333333333333333,5.678571428571429,6.333333333333333,6.285714285714286,2.183333333333333,2.4678571428571425,9,1,3,0,0,4,1.3333333333333333,2.0,4,2,2.6666666666666665,6.0
2026-02-23,6.666666666666667,6.321428571428571,4.666666666666667,4.714285714285714,4.833333333333333,4.892857142857143,5.666666666666667,5.75,6.166666666666667,6.214285714285714,3.066666666666667,2.7214285714285715,8,0,2,0,0,3,1.5,2.0,4,2,3.0,6.0
2026-02-24,7.666666666666667,6.75,4.166666666666667,4.571428571428571,4.833333333333333,4.928571428571429,6.0,5.785714285714286,6.5,6.428571428571429,4.033333333333333,3.1392857142857147,7,1,2,0,1,9,3.0,6.0,4,3,9.0,6.0
2026-02-25,8.0,7.107142857142857,4.0,4.428571428571429,4.5,4.714285714285714,6.0,5.821428571428571,6.333333333333333,6.357142857142857,3.716666666666667,3.2,6,1,2,0,1,9,3.0,6.0,4,3,9.0,6.0
2026-02-26,7.5,7.178571428571429,4.0,4.285714285714286,3.6666666666666665,4.25,6.0,5.857142857142857,5.666666666666667,6.0,4.066666666666666,3.6107142857142853,5,2,4,0,1,18,3.6,6.0,4,4,14.4,6.0
2026-02-27,8.666666666666666,8.0,4.0,4.142857142857143,3.1666666666666665,3.857142857142857,6.5,6.178571428571429,5.666666666666667,5.964285714285714,5.233333333333333,4.435714285714286,4,2,5,0,1,23,3.8333333333333335,6.0,4,4,15.333333333333334,7.0
2026-02-28,9.5,8.678571428571429,4.0,4.035714285714286,3.0,3.5357142857142856,6.833333333333333,6.464285714285714,5.833333333333333,5.928571428571429,6.083333333333333,5.096428571428572,3,1,4,1,1,21,4.2,6.0,4,3,12.600000000000001,7.0
2026-03-01,9.0,8.642857142857142,4.5,4.25,4.0,3.8214285714285716,7.0,6.642857142857143,5.5,5.678571428571429,6.550000000000001,5.628571428571428,2,1,5,1,1,22,3.6666666666666665,6.0,4,3,11.0,7.0
2026-03-02,9.333333333333334,9.035714285714286,4.333333333333333,4.214285714285714,3.6666666666666665,3.5714285714285716,7.0,6.785714285714286,4.666666666666667,5.214285714285714,6.849999999999999,6.139285714285714,1,2,4,1,1,21,4.2,6.0,4,3,12.600000000000001,7.0
2026-03-03,9.666666666666666,9.357142857142858,2.6666666666666665,3.4285714285714284,3.3333333333333335,3.392857142857143,8.0,7.392857142857143,3.6666666666666665,4.571428571428571,7.733333333333333,6.878571428571428,0,3,4,1,1,21,4.2,6.0,4,3,12.600000000000001,9.0
2026-03-04,10.0,9.607142857142858,1.5,2.75,3.0,3.2857142857142856,8.666666666666666,7.892857142857143,3.1666666666666665,4.071428571428571,8.266666666666667,7.4750000000000005,13,3,4,0,0,15,3.75,5.0,4,3,11.25,9.0
2026-03-05,10.0,9.785714285714286,2.5,2.9285714285714284,3.0,3.2142857142857144,8.5,8.035714285714286,4.0,4.178571428571429,6.8999999999999995,7.082142857142856,12,4,4,0,0,15,3.75,5.0,4,3,11.25,8.0
2026-03-06,8.5,9.107142857142858,3.5,3.107142857142857,4.0,3.642857142857143,7.166666666666667,7.607142857142857,5.166666666666667,4.535714285714286,5.283333333333334,6.385714285714285,11,2,2,0,0,6,3.0,5.0,4,2,6.0,6.0
2026-03-07,6.5,8.035714285714286,5.0,3.7857142857142856,4.166666666666667,3.75,5.833333333333333,6.964285714285714,6.833333333333333,5.392857142857143,2.983333333333333,5.067857142857144,10,1,1,0,0,1,1.0,1.0,4,1,1.0,5.0
2026-03-08,4.833333333333333,6.892857142857143,5.166666666666667,4.142857142857143,4.666666666666667,4.071428571428571,5.666666666666667,6.642857142857143,7.166666666666667,5.928571428571429,1.9166666666666667,3.9535714285714283,9,1,2,0,0,2,1.0,1.0,4,1,1.0,6.0
2026-03-09,5.166666666666667,6.392857142857143,5.166666666666667,4.5,4.333333333333333,4.142857142857143,5.333333333333333,6.107142857142857,7.666666666666667,6.642857142857143,1.1333333333333335,2.85,8,0,1,0,0,1,1.0,1.0,4,1,1.0,5.0
2026-03-10,5.666666666666667,6.035714285714286,4.5,4.571428571428571,4.666666666666667,4.428571428571429,5.666666666666667,5.892857142857143,7.333333333333333,6.964285714285714,1.866666666666667,2.446428571428572,7,0,1,0,1,4,2.0,3.0,4,1,2.0,6.0
2026-03-11,6.0,5.821428571428571,4.166666666666667,4.535714285714286,4.333333333333333,4.392857142857143,6.333333333333333,6.035714285714286,6.166666666666667,6.642857142857143,2.683333333333333,2.4,6,0,1,0,1,4,2.0,3.0,4,1,2.0,7.0
2026-03-12,5.5,5.5,4.5,4.642857142857143,4.166666666666667,4.321428571428571,6.333333333333333,6.0,5.833333333333333,6.5,3.3000000000000003,2.5892857142857144,5,1,2,0,1,9,3.0,5.0,4,2,6.0,6.0
2026-03-13,6.166666666666667,5.857142857142857,4.833333333333333,4.714285714285714,4.0,4.214285714285714,6.166666666666667,6.035714285714286,6.333333333333333,6.571428571428571,3.516666666666667,2.867857142857143,4,1,3,0,1,14,3.5,5.0,4,2,7.0,6.0
2026-03-14,6.166666666666667,5.964285714285714,5.0,4.75,4.5,4.392857142857143,6.5,6.321428571428571,6.333333333333333,6.357142857142857,3.3333333333333335,3.042857142857143,3,1,3,1,1,14,3.5,5.0,4,2,7.0,7.0
2026-03-15,6.666666666666667,6.285714285714286,4.5,4.571428571428571,4.333333333333333,4.285714285714286,6.833333333333333,6.535714285714286,6.166666666666667,6.214285714285714,4.433333333333333,3.782142857142856,2,1,4,1,1,15,3.0,5.0,4,2,6.0,7.0
2026-03-16,6.833333333333333,6.5,3.6666666666666665,4.178571428571429,4.166666666666667,4.214285714285714,7.5,6.964285714285714,5.5,5.857142857142857,4.583333333333333,4.075,1,1,3,1,1,14,3.5,5.0,4,2,7.0,8.0
2026-03-17,8.5,7.428571428571429,2.6666666666666665,3.607142857142857,3.0,3.642857142857143,8.833333333333334,7.785714285714286,5.166666666666667,5.607142857142857,5.699999999999999,4.789285714285714,0,2,3,1,1,14,3.5,5.0,4,2,7.0,10.0
2026-03-18,9.5,8.214285714285714,2.6666666666666665,3.357142857142857,3.3333333333333335,3.6785714285714284,8.666666666666666,7.964285714285714,5.0,5.428571428571429,5.733333333333333,5.114285714285714,30,2,3,0,0,11,3.6666666666666665,5.0,4,2,7.333333333333333,8.0
2026-03-19,10.0,8.857142857142858,2.3333333333333335,2.892857142857143,3.1666666666666665,3.4642857142857144,8.833333333333334,8.357142857142858,5.5,5.5,5.966666666666666,5.457142857142857,29,3,4,0,0,15,3.75,5.0,4,2,7.5,9.0
2026-03-20,10.0,9.321428571428571,3.1666666666666665,3.0357142857142856,3.6666666666666665,3.5357142857142856,8.333333333333334,8.392857142857142,5.333333333333333,5.321428571428571,5.433333333333334,5.460714285714286,28,2,5,0,0,17,3.4,5.0,4,4,13.6,8.0
2026-03-21,9.0,9.178571428571429,3.6666666666666665,3.2142857142857144,3.8333333333333335,3.607142857142857,7.666666666666667,8.107142857142858,6.166666666666667,5.714285714285714,3.8666666666666667,4.764285714285714,27,1,4,0,0,12,3.0,5.0,4,4,12.0,7.0
2026-03-22,8.333333333333334,8.964285714285714,4.0,3.4285714285714284,4.0,3.7142857142857144,7.166666666666667,7.821428571428571,6.666666666666667,6.071428571428571,2.8333333333333335,4.092857142857143,26,1,5,0,0,13,2.6,5.0,4,4,10.4,7.0
2026-03-23,7.5,8.464285714285714,4.5,3.892857142857143,4.0,3.8214285714285716,7.5,7.785714285714286,6.5,6.142857142857143,3.3000000000000003,3.9857142857142853,25,1,4,0,0,12,3.0,5.0,4,4,12.0,8.0
2026-03-24,7.666666666666667,8.214285714285714,4.333333333333333,4.035714285714286,4.0,3.9285714285714284,7.833333333333333,7.75,6.166666666666667,6.178571428571429,4.0,3.9357142857142864,24,3,4,0,0,12,3.0,5.0,4,4,12.0,8.0
2026-03-25,8.333333333333334,8.285714285714286,4.166666666666667,4.107142857142857,3.5,3.7142857142857144,8.5,8.035714285714286,6.0,6.178571428571429,4.266666666666667,3.9142857142857146,23,3,4,0,0,12,3.0,5.0,4,4,12.0,9.0
2026-03-26,8.833333333333334,8.392857142857142,3.0,3.642857142857143,3.1666666666666665,3.5357142857142856,8.833333333333334,8.285714285714286,6.0,6.142857142857143,4.633333333333334,4.142857142857143,22,4,5,0,0,17,3.4,5.0,4,4,13.6,9.0
2026-03-27,8.5,8.285714285714286,3.3333333333333335,3.6785714285714284,3.5,3.607142857142857,8.5,8.285714285714286,5.5,5.857142857142857,5.166666666666666,4.557142857142857,21,3,5,0,0,16,3.2,5.0,4,4,12.8,8.0
2026-03-28,7.666666666666667,8.0,3.1666666666666665,3.4642857142857144,3.8333333333333335,3.6785714285714284,7.666666666666667,8.035714285714286,6.166666666666667,6.071428571428571,3.5,3.9499999999999997,20,1,3,0,0,9,3.0,5.0,4,2,6.0,7.0
2026-03-29,6.666666666666667,7.5,3.6666666666666665,3.5357142857142856,4.5,4.0,7.666666666666667,8.035714285714286,6.666666666666667,6.285714285714286,2.516666666666667,3.496428571428571,19,1,4,0,0,10,2.5,5.0,4,2,5.0,8.0
2026-03-30,6.666666666666667,7.321428571428571,2.8333333333333335,3.107142857142857,4.333333333333333,4.035714285714286,7.833333333333333,8.0,7.0,6.5,2.1666666666666665,3.128571428571429,18,1,3,0,0,9,3.0,5.0,4,2,6.0,8.0
2026-03-31,6.333333333333333,6.892857142857143,3.3333333333333335,3.2857142857142856,4.666666666666667,4.321428571428571,7.5,7.714285714285714,6.5,6.428571428571429,1.9000000000000001,2.6,17,2,3,0,0,9,3.0,5.0,4,2,6.0,7.0
2026-04-01,7.666666666666667,7.285714285714286,3.6666666666666665,3.4642857142857144,3.8333333333333335,4.071428571428571,7.666666666666667,7.714285714285714,6.666666666666667,6.607142857142857,2.6,2.65,16,2,3,0,0,9,3.0,5.0,4,2,6.0,8.0
2026-04-02,8.5,7.678571428571429,4.0,3.642857142857143,3.8333333333333335,4.071428571428571,7.333333333333333,7.5,5.833333333333333,6.25,3.3333333333333335,2.8535714285714286,15,3,3,0,0,9,3.0,5.0,4,2,6.0,7.0
2026-04-03,7.0,7.071428571428571,3.5,3.5,3.8333333333333335,4.035714285714286,6.666666666666667,7.107142857142857,5.833333333333333,6.178571428571429,3.1666666666666665,2.7714285714285714,14,2,2,0,0,4,2.0,3.0,4,2,4.0,6.0
2026-04-04,5.666666666666667,6.571428571428571,3.1666666666666665,3.392857142857143,4.0,4.0,6.166666666666667,6.785714285714286,5.833333333333333,6.071428571428571,2.8166666666666664,2.7964285714285713,13,1,1,0,0,1,1.0,1.0,4,1,1.0,6.0
2026-04-05,5.5,6.392857142857143,3.5,3.5357142857142856,4.0,3.9642857142857144,6.5,6.75,7.0,6.5,1.3500000000000003,2.160714285714286,12,1,1,0,0,1,1.0,1.0,4,1,1.0,7.0
2026-04-06,5.333333333333333,5.964285714285714,3.8333333333333335,3.6785714285714284,4.0,3.9642857142857144,6.833333333333333,6.75,7.166666666666667,6.642857142857143,1.0666666666666667,1.8714285714285714,11,0,0,0,0,0,,,4,0,,7.0
2026-04-07,4.666666666666667,5.357142857142857,3.0,3.25,4.5,4.214285714285714,6.5,6.535714285714286,7.166666666666667,6.785714285714286,0.5666666666666667,1.4,10,0,0,0,0,0,,,4,0,,6.0
2026-04-08,5.166666666666667,5.321428571428571,2.8333333333333335,3.142857142857143,4.333333333333333,4.214285714285714,6.666666666666667,6.607142857142857,6.5,6.642857142857143,0.6,1.0464285714285713,9,0,0,0,0,0,,,4,0,,7.0
2026-04-09,5.666666666666667,5.392857142857143,3.3333333333333335,3.3214285714285716,5.166666666666667,4.678571428571429,7.333333333333333,6.964285714285714,7.166666666666667,7.035714285714286,0.65,0.8428571428571429,8,0,0,0,0,0,,,4,0,,8.0
2026-04-10,5.5,5.321428571428571,4.333333333333333,3.75,5.166666666666667,4.821428571428571,7.833333333333333,7.285714285714286,7.166666666666667,7.071428571428571,0.6666666666666666,0.7000000000000001,7,0,0,0,1,4,4.0,4.0,4,1,4.0,8.0
2026-04-11,5.666666666666667,5.5,4.833333333333333,4.107142857142857,5.166666666666667,4.928571428571429,7.5,7.285714285714286,7.166666666666667,7.071428571428571,0.7833333333333333,0.7035714285714285,6,0,0,0,1,4,4.0,4.0,4,1,4.0,7.0
2026-04-12,5.333333333333333,5.392857142857143,4.5,4.142857142857143,4.5,4.75,7.166666666666667,7.25,7.0,7.035714285714286,0.85,0.7678571428571429,5,0,0,0,1,4,4.0,4.0,4,1,4.0,7.0
2026-04-13,5.666666666666667,5.571428571428571,3.6666666666666665,3.9285714285714284,4.166666666666667,4.571428571428571,7.5,7.464285714285714,7.0,7.035714285714286,1.5,1.1035714285714289,4,0,0,0,1,4,4.0,4.0,4,1,4.0,8.0
2026-04-14,6.333333333333333,5.964285714285714,3.1666666666666665,3.75,4.0,4.392857142857143,7.833333333333333,7.642857142857143,6.5,6.785714285714286,2.1500000000000004,1.5321428571428573,3,0,0,1,2,10,5.0,6.0,4,2,10.0,8.0
2026-04-15,6.833333333333333,6.25,3.5,3.7857142857142856,4.0,4.25,8.5,8.0,6.666666666666667,6.821428571428571,2.766666666666667,2.003571428571429,2,0,0,1,3,16,5.333333333333333,6.0,4,3,16.0,9.0
2026-04-16,8.0,7.0,3.3333333333333335,3.5357142857142856,3.5,3.857142857142857,8.333333333333334,8.035714285714286,5.833333333333333,6.321428571428571,3.466666666666667,2.6107142857142853,1,0,0,1,4,20,5.0,6.0,4,4,20.0,8.0
2026-04-17,8.666666666666666,7.642857142857143,3.1666666666666665,3.3214285714285716,3.1666666666666665,3.5714285714285716,8.666666666666666,8.321428571428571,4.833333333333333,5.678571428571429,4.800000000000001,3.5785714285714287,0,0,0,1,4,20,5.0,6.0,4,4,20.0,9.0
2026-04-18,9.0,8.142857142857142,3.0,3.1785714285714284,3.0,3.357142857142857,8.833333333333334,8.571428571428571,4.166666666666667,5.142857142857143,5.583333333333333,4.3571428571428585,3,0,0,1,3,16,5.333333333333333,6.0,4,3,16.0,9.0
2026-04-19,9.5,8.785714285714286,2.5,2.857142857142857,3.0,3.2142857142857144,9.5,9.0,4.5,4.964285714285714,5.900000000000001,4.957142857142857,2,0,0,2,3,16,5.333333333333333,6.0,4,3,16.0,10.0
2026-04-20,9.833333333333334,9.25,1.6666666666666667,2.357142857142857,3.5,3.357142857142857,9.833333333333334,9.321428571428571,3.8333333333333335,4.357142857142857,7.100000000000001,5.9785714285714295,1,0,0,3,3,16,5.333333333333333,6.0,4,3,16.0,10.0
2026-04-21,10.0,9.571428571428571,1.1666666666666667,1.9285714285714286,2.8333333333333335,3.0,10.0,9.571428571428571,3.8333333333333335,4.142857142857143,8.25,6.953571428571429,0,0,0,3,3,16,5.333333333333333,6.0,4,3,16.0,10.0
2026-04-22,10.0,9.785714285714286,1.5,1.8214285714285714,2.8333333333333335,2.9642857142857144,10.0,9.75,4.333333333333333,4.25,7.183333333333333,6.85,0,0,0,2,2,10,5.0,6.0,4,2,10.0,10.0
2026-04-23,9.0,9.392857142857142,2.3333333333333335,2.0357142857142856,3.3333333333333335,3.2142857142857144,9.5,9.642857142857142,5.333333333333333,4.678571428571429,5.366666666666667,6.257142857142857,0,0,0,1,1,4,4.0,4.0,4,1,4.0,9.0
2026-04-24,7.833333333333333,8.785714285714286,2.8333333333333335,2.25,3.8333333333333335,3.4285714285714284,9.166666666666666,9.5,6.333333333333333,5.321428571428571,4.166666666666667,5.614285714285715,-1,0,0,0,0,0,,,4,0,,9.0
